name,x,y,v,angle,acc
car1,-9.83333,4,5,0,0
car2,24.8,-4,-6,0,0
car3,-11.9667,0,1,0,0
car1,-9.66667,4,5,0,0
car2,24.6,-4,-6,0,0
car3,-11.9333,0,1,0,0
car1,-9.5,4,5,0,0
car2,24.4,-4,-6,0,0
car3,-11.9,0,1,0,0
car1,-9.33333,4,5,0,0
car2,24.2,-4,-6,0,0
car3,-11.8667,0,1,0,0
car1,-9.16667,4,5,0,0
car2,24,-4,-6,0,0
car3,-11.8333,0,1,0,0
car1,-9,4,5,0,0
car2,23.8,-4,-6,0,0
car3,-11.8,0,1,0,0
car1,-8.83333,4,5,0,0
car2,23.6,-4,-6,0,0
car3,-11.7667,0,1,0,0
car1,-8.66667,4,5,0,0
car2,23.4,-4,-6,0,0
car3,-11.7333,0,1,0,0
car1,-8.5,4,5,0,0
car2,23.2,-4,-6,0,0
car3,-11.7,0,1,0,0
car1,-8.33333,4,5,0,0
car2,23,-4,-6,0,0
car3,-11.6667,0,1,0,0
car1,-8.16667,4,5,0,0
car2,22.8,-4,-6,0,0
car3,-11.6333,0,1,0,0
car1,-8,4,5,0,0
car2,22.6,-4,-6,0,0
car3,-11.6,0,1,0,0
car1,-7.83333,4,5,0,0
car2,22.4,-4,-6,0,0
car3,-11.5667,0,1,0,0
car1,-7.66667,4,5,0,0
car2,22.2,-4,-6,0,0
car3,-11.5333,0,1,0,0
car1,-7.5,4,5,0,0
car2,22,-4,-6,0,0
car3,-11.5,0,1,0,0
car1,-7.33333,4,5.01667,0,0.5
car2,21.8,-4,-6,0,0
car3,-11.4667,0,1.06667,0.0166667,2
car1,-7.16611,4,5.03333,0,0.5
car2,21.6,-4,-6,0,0
car3,-11.4311,0.000592565,1.13333,0.0344444,2
car1,-6.99833,4,5.05,0,0.5
car2,21.4,-4,-6,0,0
car3,-11.3934,0.00189354,1.2,0.0533333,2
car1,-6.83,4,5.06667,0,0.5
car2,21.2,-4,-6,0,0
car3,-11.3534,0.00402587,1.26667,0.0733333,2
car1,-6.66111,4,5.08333,0,0.5
car2,21,-4,-6,0,0
car3,-11.3113,0.00711939,1.33333,0.0944445,2
car1,-6.49167,4,5.1,0,0.5
car2,20.8,-4,-6,0,0
car3,-11.2671,0.0113107,1.4,0.116667,2
car1,-6.32167,4,5.11667,0,0.5
car2,20.6,-4,-6,0,0
car3,-11.2207,0.0167428,1.46667,0.14,2
car1,-6.15111,4,5.13334,0,0.5
car2,20.4,-4,-6,0,0
car3,-11.1723,0.0235649,1.53333,0.164444,2
car1,-5.98,4,5.15,0,0.5
car2,20.2,-4,-6,0,0
car3,-11.1219,0.031932,1.6,0.19,2
car1,-5.80833,4,5.16667,0,0.5
car2,20,-4,-6,0,0
car3,-11.0695,0.0420045,1.66667,0.216667,2
car1,-5.63611,4,5.18334,0,0.5
car2,19.8,-4,-6,0,0
car3,-11.0153,0.0539476,1.73333,0.244445,2
car1,-5.46333,4,5.2,0,0.5
car2,19.6,-4,-6,0,0
car3,-10.9592,0.0679308,1.8,0.273333,2
car1,-5.29,4,5.21667,0,0.5
car2,19.4,-4,-6,0,0
car3,-10.9014,0.0841274,1.86667,0.303333,2
car1,-5.11611,4,5.23334,0,0.5
car2,19.2,-4,-6,0,0
car3,-10.842,0.102713,1.93333,0.334445,2
car1,-4.94167,4,5.25,0,0.5
car2,19,-4,-6,0,0
car3,-10.7812,0.123867,2,0.366667,2
car1,-4.76667,4,5.26667,0,0.5
car2,18.8,-4,-6,0,0
car3,-10.7189,0.147767,2.08333,0.366667,2.5
car1,-4.59111,4,5.28334,0,0.5
car2,18.6,-4,-6,0,0
car3,-10.6541,0.172664,2.16667,0.366667,2.5
car1,-4.415,4,5.3,0,0.5
car2,18.4,-4,-6,0,0
car3,-10.5867,0.198556,2.25,0.366667,2.5
car1,-4.23833,4,5.31667,0,0.5
car2,18.2,-4,-6,0,0
car3,-10.5167,0.225444,2.33333,0.366667,2.5
car1,-4.06111,4,5.33334,0,0.5
car2,18,-4,-6,0,0
car3,-10.4441,0.253327,2.41667,0.366667,2.5
car1,-3.88333,4,5.35,0,0.5
car2,17.8,-4,-6,0,0
car3,-10.3689,0.282207,2.5,0.366667,2.5
car1,-3.705,4,5.36667,0,0.5
car2,17.6,-4,-6,0,0
car3,-10.2911,0.312082,2.58333,0.366667,2.5
car1,-3.52611,4,5.38334,0,0.5
car2,17.4,-4,-6,0,0
car3,-10.2107,0.342954,2.66667,0.366667,2.5
car1,-3.34666,4,5.40001,0,0.5
car2,17.2,-4,-6,0,0
car3,-10.1277,0.374821,2.75,0.366667,2.5
car1,-3.16666,4,5.41667,0,0.5
car2,17,-4,-6,0,0
car3,-10.0421,0.407684,2.83333,0.366667,2.5
car1,-2.98611,4,5.43334,0,0.5
car2,16.8,-4,-6,0,0
car3,-9.95395,0.441543,2.91667,0.366667,2.5
car1,-2.805,4,5.45001,0,0.5
car2,16.6,-4,-6,0,0
car3,-9.86319,0.476398,3,0.366667,2.5
car1,-2.62333,4,5.46667,0,0.5
car2,16.4,-4,-6,0,0
car3,-9.76984,0.512248,3.08333,0.366667,2.5
car1,-2.44111,4,5.48334,0,0.5
car2,16.2,-4,-6,0,0
car3,-9.67389,0.549095,3.16667,0.366667,2.5
car1,-2.25833,4,5.50001,0,0.5
car2,16,-4,-6,0,0
car3,-9.57536,0.586937,3.25,0.366667,2.5
car1,-2.075,4,5.51667,0,0.5
car2,15.8,-4,-6,0,0
car3,-9.47422,0.625775,3.33333,0.366667,2.5
car1,-1.89111,4,5.53334,0,0.5
car2,15.6,-4,-6,0,0
car3,-9.3705,0.665609,3.41667,0.366667,2.5
car1,-1.70666,4,5.55001,0,0.5
car2,15.4,-4,-6,0,0
car3,-9.26418,0.706439,3.5,0.366667,2.5
car1,-1.52166,4,5.56667,0,0.5
car2,15.2,-4,-6,0,0
car3,-9.15527,0.748264,3.58333,0.366667,2.5
car1,-1.33611,4,5.58334,0,0.5
car2,15,-4,-6,0,0
car3,-9.04376,0.791086,3.66667,0.366667,2.5
car1,-1.14999,4,5.60001,0,0.5
car2,14.8,-4,-6,0,0
car3,-8.92967,0.834903,3.75,0.366667,2.5
car1,-0.963328,4,5.61667,0,0.5
car2,14.6,-4,-6,0,0
car3,-8.81298,0.879717,3.83333,0.366667,2.5
car1,-0.776105,4,5.63334,0,0.5
car2,14.4,-4,-6,0,0
car3,-8.69369,0.925526,3.91667,0.366667,2.5
car1,-0.588327,4,5.65001,0,0.5
car2,14.2,-4,-6,0,0
car3,-8.57181,0.972331,4,0.366667,2.5
car1,-0.399994,4,5.66668,0,0.5
car2,14,-4,-6,0,0
car3,-8.44734,1.02013,4.08333,0.366667,2.5
car1,-0.211105,4,5.68334,0,0.5
car2,13.8,-4,-6,0,0
car3,-8.32028,1.06893,4.16667,0.366667,2.5
car1,-0.0216598,4,5.70001,0,0.5
car2,13.6,-4,-6,0,0
car3,-8.19062,1.11872,4.25,0.366667,2.5
car1,0.168341,4,5.71668,0,0.5
car2,13.4,-4,-6,0,0
car3,-8.05837,1.16951,4.33333,0.366667,2.5
car1,0.358896,4,5.73334,0,0.5
car2,13.2,-4,-6,0,0
car3,-7.92353,1.22129,4.41667,0.366667,2.5
car1,0.550008,4,5.75001,0,0.5
car2,13,-4,-6,0,0
car3,-7.7861,1.27407,4.5,0.366667,2.5
car1,0.741675,4,5.76668,0,0.5
car2,12.8,-4,-6,0,0
car3,-7.64607,1.32785,4.58333,0.366667,2.5
car1,0.933897,4,5.78334,0,0.5
car2,12.6,-4,-6,0,0
car3,-7.50344,1.38262,4.66667,0.366667,2.5
car1,1.12668,4,5.80001,0,0.5
car2,12.4,-4,-6,0,0
car3,-7.35823,1.43839,4.75,0.366667,2.5
car1,1.32001,4,5.81668,0,0.5
car2,12.2,-4,-6,0,0
car3,-7.21042,1.49515,4.83333,0.366667,2.5
car1,1.5139,4,5.83334,0,0.5
car2,12,-4,-6,0,0
car3,-7.06002,1.55291,4.91667,0.366667,2.5
car1,1.70834,4,5.85001,0,0.5
car2,11.8,-4,-6,0,0
car3,-6.90702,1.61167,5,0.366667,2.5
car1,1.90334,4,5.85001,-0.0195,0
car2,11.6,-4,-6,0,0
car3,-6.75144,1.67142,5.08333,0.366667,2.5
car1,2.09831,3.9962,5.85001,-0.0390001,0
car2,11.4,-4,-6,0,0
car3,-6.59325,1.73216,5.16667,0.366667,2.5
car1,2.29316,3.98859,5.85001,-0.0585001,0
car2,11.2,-4,-6,0,0
car3,-6.43248,1.79391,5.25,0.366667,2.5
car1,2.48783,3.97719,5.85001,-0.0780002,0
car2,11,-4,-6,0,0
car3,-6.26911,1.85664,5.33333,0.366667,2.5
car1,2.68223,3.962,5.85001,-0.0975002,0
car2,10.8,-4,-6,0,0
car3,-6.10315,1.92038,5.41667,0.366667,2.5
car1,2.87631,3.94302,5.85001,-0.117,0
car2,10.6,-4,-6,0,0
car3,-5.9346,1.98511,5.5,0.366667,2.5
car1,3.06997,3.92025,5.85001,-0.1365,0
car2,10.4,-4,-6,0,0
car3,-5.76345,2.05084,5.58333,0.366667,2.5
car1,3.26316,3.89372,5.85001,-0.156,0
car2,10.2,-4,-6,0,0
car3,-5.58971,2.11756,5.66667,0.366667,2.5
car1,3.45579,3.86342,5.85001,-0.1755,0
car2,10,-4,-6,0,0
car3,-5.41338,2.18528,5.75,0.366667,2.5
car1,3.6478,3.82937,5.85001,-0.195,0
car2,9.8,-4,-6,0,0
car3,-5.23445,2.25399,5.83334,0.366667,2.5
car1,3.8391,3.79159,5.85001,-0.2145,0
car2,9.6,-4,-6,0,0
car3,-5.05293,2.3237,5.91667,0.366667,2.5
car1,4.02964,3.75008,5.85001,-0.234001,0
car2,9.4,-4,-6,0,0
car3,-4.86882,2.3944,6,0.366667,2.5
car1,4.21932,3.70487,5.85001,-0.253501,0
car2,9.2,-4,-6,0,0
car3,-4.68212,2.4661,6.08334,0.366667,2.5
car1,4.40809,3.65596,5.85001,-0.273001,0
car2,9,-4,-6,0,0
car3,-4.49282,2.5388,6.16667,0.366667,2.5
car1,4.59587,3.60339,5.85001,-0.292501,0
car2,8.8,-4,-6,0,0
car3,-4.30092,2.61249,6.25,0.366667,2.5
car1,4.78259,3.54716,5.85001,-0.312001,0
car2,8.6,-4,-6,0,0
car3,-4.10644,2.68718,6.33334,0.366667,2.5
car1,4.96817,3.4873,5.85001,-0.331501,0
car2,8.4,-4,-6,0,0
car3,-3.90936,2.76287,6.41667,0.366667,2.5
car1,5.15256,3.42383,5.85001,-0.351001,0
car2,8.2,-4,-6,0,0
car3,-3.70969,2.83955,6.5,0.366667,2.5
car1,5.33567,3.35679,5.85001,-0.370501,0
car2,8,-4,-6,0,0
car3,-3.50743,2.91722,6.58334,0.366667,2.5
car1,5.51744,3.28618,5.85001,-0.390001,0
car2,7.8,-4,-6,0,0
car3,-3.30257,2.9959,6.66667,0.366667,2.5
car1,5.69779,3.21204,5.85001,-0.409501,0
car2,7.6,-4,-6,0,0
car3,-3.09512,3.07556,6.75,0.366667,2.5
car1,5.87667,3.1344,5.85001,-0.429001,0
car2,7.4,-4,-6,0,0
car3,-2.88507,3.15623,6.83334,0.366667,2.5
car1,6.054,3.05329,5.85001,-0.448501,0
car2,7.2,-4,-6,0,0
car3,-2.67244,3.23789,6.91667,0.366667,2.5
car1,6.22972,2.96874,5.85001,-0.468001,0
car2,7,-4,-6,0,0
car3,-2.45721,3.32054,7,0.366667,2.5
car1,6.40375,2.88077,5.85001,-0.487501,0
car2,6.8,-4,-6,0,0
car3,-2.23938,3.4042,7.08334,0.366667,2.5
car1,6.57603,2.78943,5.85001,-0.507001,0
car2,6.6,-4,-6,0,0
car3,-2.01897,3.48884,7.16667,0.366667,2.5
car1,6.7465,2.69474,5.85001,-0.526501,0
car2,6.4,-4,-6,0,0
car3,-1.79596,3.57449,7.25,0.366667,2.5
car1,6.91509,2.59675,5.85001,-0.546001,0
car2,6.2,-4,-6,0,0
car3,-1.57036,3.66112,7.33334,0.366667,2.5
car1,7.08174,2.4955,5.85001,-0.565501,0
car2,6,-4,-6,0,0
car3,-1.34216,3.74876,7.41667,0.366667,2.5
car1,7.24638,2.39101,5.85001,-0.585001,0
car2,5.8,-4,-6,0,0
car3,-1.11137,3.83739,7.50001,0.366667,2.5
car1,7.40896,2.28333,5.85001,-0.604501,0
car2,5.6,-4,-6,0,0
car3,-0.877988,3.92702,7.50001,0.241667,0
car1,7.5694,2.1725,5.85001,-0.624001,0
car2,5.4,-4,-6,0,0
car3,-0.635253,3.98685,7.50001,0.116667,0
car1,7.72765,2.05856,5.85001,-0.643501,0
car2,5.2,-4,-6,0,0
car3,-0.386952,4.01595,7.50001,-0.0083335,0
car1,7.88365,1.94156,5.85001,-0.624001,0
car2,5,-4,-6,0,0
car3,-0.136961,4.01386,7.56667,-0.0083335,2
car1,8.04191,1.82763,5.85001,-0.604501,0
car2,4.8,-4,-6,0,0
car3,0.115253,4.01176,7.63334,-0.0083335,2
car1,8.20235,1.7168,5.85001,-0.585001,0
car2,4.6,-4,-6,0,0
car3,0.369689,4.00964,7.70001,-0.0083335,2
car1,8.36492,1.60912,5.85001,-0.565501,0
car2,4.4,-4,-6,0,0
car3,0.626347,4.0075,7.76667,-0.0083335,2
car1,8.52957,1.50463,5.85001,-0.546001,0
car2,4.2,-4,-6,0,0
car3,0.885227,4.00535,7.83334,-0.0083335,2
car1,8.69622,1.40337,5.85001,-0.526501,0
car2,4,-4,-6,0,0
car3,1.14633,4.00317,7.9,-0.0083335,2
car1,8.86481,1.30538,5.85001,-0.507001,0
car2,3.8,-4,-6,0,0
car3,1.40965,4.00098,7.96667,-0.0083335,2
car1,9.03528,1.2107,5.85001,-0.487501,0
car2,3.6,-4,-6,0,0
car3,1.6752,3.99876,8.03334,-0.0083335,2
car1,9.20756,1.11935,5.85001,-0.468001,0
car2,3.4,-4,-6,0,0
car3,1.94297,3.99653,8.10001,-0.0083335,2
car1,9.38159,1.03139,5.85001,-0.448501,0
car2,3.2,-4,-6,0,0
car3,2.21296,3.99428,8.16667,-0.0083335,2
car1,9.55731,0.946834,5.85001,-0.429001,0
car2,3,-4,-6,0,0
car3,2.48517,3.99201,8.23334,-0.0083335,2
car1,9.73464,0.865721,5.85001,-0.409501,0
car2,2.8,-4,-6,0,0
car3,2.75961,3.98973,8.3,-0.0083335,2
car1,9.91352,0.788081,5.85001,-0.390001,0
car2,2.6,-4,-6,0,0
car3,3.03626,3.98742,8.36667,-0.0083335,2
car1,10.0939,0.713944,5.85001,-0.370501,0
car2,2.4,-4,-6,0,0
car3,3.31514,3.9851,8.43334,-0.0083335,2
car1,10.2756,0.643338,5.85001,-0.351001,0
car2,2.2,-4,-6,0,0
car3,3.59625,3.98275,8.5,-0.0083335,2
car1,10.4588,0.576289,5.85001,-0.331501,0
car2,2,-4,-6,0,0
car3,3.87957,3.98039,8.56667,-0.0083335,2
car1,10.6431,0.512824,5.85001,-0.312001,0
car2,1.8,-4,-6,0,0
car3,4.16511,3.97801,8.63334,-0.0083335,2
car1,10.8287,0.452966,5.85001,-0.292501,0
car2,1.6,-4,-6,0,0
car3,4.45288,3.97561,8.7,-0.0083335,2
car1,11.0154,0.396738,5.85001,-0.273001,0
car2,1.4,-4,-6,0,0
car3,4.74287,3.9732,8.76667,-0.0083335,2
car1,11.2032,0.344162,5.85001,-0.253501,0
car2,1.2,-4,-6,0,0
car3,5.03509,3.97076,8.83334,-0.0083335,2
car1,11.392,0.295257,5.85001,-0.234001,0
car2,0.999998,-4,-6,0,0
car3,5.32952,3.96831,8.9,-0.0083335,2
car1,11.5817,0.250042,5.85001,-0.2145,0
car2,0.799998,-4,-5.9,0,3
car3,5.62618,3.96584,8.96667,-0.0083335,2
car1,11.7722,0.208534,5.85001,-0.195,0
car2,0.603331,-4,-5.8,0,3
car3,5.92505,3.96335,9.03334,-0.0083335,2
car1,11.9635,0.17075,5.85001,-0.1755,0
car2,0.409998,-4,-5.7,0,3
car3,6.22616,3.96084,9.1,-0.0083335,2
car1,12.1555,0.136702,5.85001,-0.156,0
car2,0.219998,-4,-5.6,0,3
car3,6.52948,3.95831,9.16667,-0.0083335,2
car1,12.3481,0.106406,5.85001,-0.1365,0
car2,0.0333311,-4,-5.5,0,3
car3,6.83502,3.95576,9.23334,-0.0083335,2
car1,12.5413,0.0798705,5.85001,-0.117,0
car2,-0.150002,-4,-5.4,0,3
car3,7.14279,3.9532,9.3,-0.0083335,2
car1,12.735,0.0571074,5.85001,-0.0975002,0
car2,-0.330002,-4,-5.3,0,3
car3,7.45278,3.95061,9.36667,-0.0083335,2
car1,12.9291,0.038125,5.85001,-0.0780002,0
car2,-0.506669,-4,-5.2,0,3
car3,7.76499,3.94801,9.43334,-0.0083335,2
car1,13.1235,0.0229303,5.85001,-0.0585001,0
car2,-0.680002,-4,-5.1,0,3
car3,8.07943,3.94539,9.5,-0.0083335,2
car1,13.3182,0.0115293,5.85001,-0.0390001,0
car2,-0.850002,-4,-5,0,3
car3,8.39608,3.94275,9.56667,-0.0083335,2
car1,13.513,0.0039262,5.85001,-0.0195,0
car2,-1.01667,-4,-4.9,0,3
car3,8.71496,3.94009,9.63334,-0.0083335,2
car1,13.708,0.000123929,5.85001,7.45058e-09,0
car2,-1.18,-4,-4.8,0,3
car3,9.03606,3.93742,9.7,-0.0083335,2
car1,13.903,0.00012393,5.78334,7.45058e-09,-2
car2,-1.34,-4,-4.7,0,3
car3,9.35938,3.93472,9.76667,-0.0083335,2
car1,14.0957,0.000123932,5.71668,7.45058e-09,-2
car2,-1.49667,-4,-4.6,0,3
car3,9.68493,3.93201,9.83334,-0.0083335,2
car1,14.2863,0.000123933,5.65001,7.45058e-09,-2
car2,-1.65,-4,-4.5,0,3
car3,10.0127,3.92928,9.9,-0.0083335,2
car1,14.4746,0.000123935,5.58334,7.45058e-09,-2
car2,-1.8,-4,-4.4,0,3
car3,10.3427,3.92653,9.9,-0.0083335,0
car1,14.6607,0.000123936,5.51668,7.45058e-09,-2
car2,-1.94667,-4,-4.3,0,3
car3,10.6727,3.92378,9.9,-0.0083335,0
car1,14.8446,0.000123937,5.45001,7.45058e-09,-2
car2,-2.09,-4,-4.2,0,3
car3,11.0027,3.92103,9.9,-0.0083335,0
car1,15.0263,0.000123939,5.38335,7.45058e-09,-2
car2,-2.23,-4,-4.1,0,3
car3,11.3326,3.91828,9.9,-0.0083335,0
car1,15.2057,0.00012394,5.31668,7.45058e-09,-2
car2,-2.36667,-4,-4,0,3
car3,11.6626,3.91553,9.9,-0.0083335,0
car1,15.383,0.000123941,5.25001,7.45058e-09,-2
car2,-2.5,-4,-3.9,0,3
car3,11.9926,3.91278,9.9,-0.0083335,0
car1,15.558,0.000123943,5.18335,7.45058e-09,-2
car2,-2.63,-4,-3.8,0,3
car3,12.3226,3.91003,9.9,-0.0083335,0
car1,15.7307,0.000123944,5.11668,7.45058e-09,-2
car2,-2.75667,-4,-3.7,0,3
car3,12.6526,3.90728,9.9,-0.0083335,0
car1,15.9013,0.000123945,5.05001,7.45058e-09,-2
car2,-2.88,-4,-3.6,0,3
car3,12.9826,3.90453,9.9,-0.0083335,0
car1,16.0696,0.000123947,4.98335,7.45058e-09,-2
car2,-3,-4,-3.5,0,3
car3,13.3126,3.90178,9.9,-0.0083335,0
car1,16.2357,0.000123948,4.91668,7.45058e-09,-2
car2,-3.11667,-4,-3.4,0,3
car3,13.6426,3.89903,9.9,-0.0083335,0
car1,16.3996,0.000123949,4.85001,7.45058e-09,-2
car2,-3.23,-4,-3.3,0,3
car3,13.9726,3.89628,9.9,-0.0083335,0
car1,16.5613,0.00012395,4.78335,7.45058e-09,-2
car2,-3.34,-4,-3.2,0,3
car3,14.3025,3.89353,9.9,-0.0083335,0
car1,16.7208,0.000123951,4.71668,7.45058e-09,-2
car2,-3.44667,-4,-3.1,0,3
car3,14.6325,3.89078,9.9,-0.0083335,0
car1,16.878,0.000123953,4.65001,7.45058e-09,-2
car2,-3.55,-4,-3,0,3
car3,14.9625,3.88803,9.9,-0.0083335,0
car1,17.033,0.000123954,4.58335,7.45058e-09,-2
car2,-3.65,-4,-2.9,0,3
car3,15.2925,3.88528,9.9,-0.0083335,0
car1,17.1858,0.000123955,4.51668,7.45058e-09,-2
car2,-3.74667,-4,-2.8,0,3
car3,15.6225,3.88253,9.9,-0.0083335,0
car1,17.3363,0.000123956,4.45001,7.45058e-09,-2
car2,-3.84,-4,-2.7,0,3
car3,15.9525,3.87978,9.9,-0.0083335,0
car1,17.4846,0.000123957,4.38335,7.45058e-09,-2
car2,-3.93,-4,-2.6,0,3
car3,16.2825,3.87703,9.9,-0.0083335,0
car1,17.6308,0.000123958,4.31668,7.45058e-09,-2
car2,-4.01667,-4,-2.5,0,3
car3,16.6125,3.87428,9.9,-0.0083335,0
car1,17.7746,0.000123959,4.25001,7.45058e-09,-2
car2,-4.1,-4,-2.4,0,3
car3,16.9425,3.87153,9.9,-0.0083335,0
car1,17.9163,0.00012396,4.18335,7.45058e-09,-2
car2,-4.18,-4,-2.3,0,3
car3,17.2724,3.86878,9.9,-0.0083335,0
car1,18.0558,0.000123961,4.11668,7.45058e-09,-2
car2,-4.25667,-4,-2.2,0,3
car3,17.6024,3.86603,9.9,-0.0083335,0
car1,18.193,0.000123962,4.05001,7.45058e-09,-2
car2,-4.33,-4,-2.1,0,3
car3,17.9324,3.86328,9.9,-0.0083335,0
car1,18.328,0.000123963,3.98335,7.45058e-09,-2
car2,-4.4,-4,-2,0,3
car3,18.2624,3.86053,9.9,-0.0083335,0
car1,18.4608,0.000123964,3.91668,7.45058e-09,-2
car2,-4.46667,-4,-1.9,0,3
car3,18.5924,3.85778,9.9,-0.0083335,0
car1,18.5913,0.000123965,3.85001,7.45058e-09,-2
car2,-4.53001,-4,-1.8,0,3
car3,18.9224,3.85503,9.9,-0.0083335,0
car1,18.7196,0.000123966,3.78335,7.45058e-09,-2
car2,-4.59001,-4,-1.7,0,3
car3,19.2524,3.85228,9.9,-0.0083335,0
car1,18.8458,0.000123967,3.71668,7.45058e-09,-2
car2,-4.64667,-4,-1.6,0,3
car3,19.5824,3.84953,9.9,-0.0083335,0
car1,18.9696,0.000123968,3.65001,7.45058e-09,-2
car2,-4.70001,-4,-1.5,0,3
car3,19.9124,3.84678,9.9,-0.0083335,0
car1,19.0913,0.000123969,3.58335,7.45058e-09,-2
car2,-4.75001,-4,-1.4,0,3
car3,20.2423,3.84403,9.83334,-0.0083335,-2
car1,19.2108,0.00012397,3.51668,7.45058e-09,-2
car2,-4.79667,-4,-1.3,0,3
car3,20.5701,3.8413,9.76667,-0.0083335,-2
car1,19.328,0.000123971,3.45001,7.45058e-09,-2
car2,-4.84001,-4,-1.2,0,3
car3,20.8957,3.83858,9.7,-0.0083335,-2
car1,19.443,0.000123972,3.38335,7.45058e-09,-2
car2,-4.88001,-4,-1.1,0,3
car3,21.219,3.83589,9.63334,-0.0083335,-2
car1,19.5558,0.000123973,3.31668,7.45058e-09,-2
car2,-4.91667,-4,-1,0,3
car3,21.5401,3.83321,9.56667,-0.0083335,-2
car1,19.6663,0.000123973,3.25001,7.45058e-09,-2
car2,-4.95001,-4,-0.900004,0,3
car3,21.859,3.83056,9.5,-0.0083335,-2
car1,19.7746,0.000123974,3.18335,7.45058e-09,-2
car2,-4.98001,-4,-0.800004,0,3
car3,22.1756,3.82792,9.43334,-0.0083335,-2
car1,19.8808,0.000123975,3.11668,7.45058e-09,-2
car2,-5.00667,-4,-0.700004,0,3
car3,22.49,3.8253,9.36667,-0.0083335,-2
car1,19.9847,0.000123976,3.05001,7.45058e-09,-2
car2,-5.03001,-4,-0.600003,0,3
car3,22.8023,3.8227,9.3,-0.0083335,-2
car1,20.0863,0.000123977,2.98335,7.45058e-09,-2
car2,-5.05001,-4,-0.500003,0,3
car3,23.1122,3.82011,9.23334,-0.0083335,-2
car1,20.1858,0.000123977,2.91668,7.45058e-09,-2
car2,-5.06667,-4,-0.400003,0,3
car3,23.42,3.81755,9.16667,-0.0083335,-2
car1,20.283,0.000123978,2.85001,7.45058e-09,-2
car2,-5.08001,-4,-0.300003,0,3
car3,23.7256,3.815,9.1,-0.0083335,-2
car1,20.378,0.000123979,2.78335,7.45058e-09,-2
car2,-5.09001,-4,-0.200003,0,3
car3,24.0289,3.81247,9.03334,-0.0083335,-2
car1,20.4708,0.000123979,2.71668,7.45058e-09,-2
car2,-5.09667,-4,-0.100003,0,3
car3,24.33,3.80996,8.96667,-0.0083335,-2
car1,20.5613,0.00012398,2.65001,7.45058e-09,-2
car2,-5.10001,-4,-3.38256e-06,0,3
car3,24.6289,3.80747,8.9,-0.0083335,-2
car1,20.6497,0.000123981,2.58335,7.45058e-09,-2
car2,-5.10001,-4,0.0999966,0,3
car3,24.9255,3.805,8.83334,-0.0083335,-2
car1,20.7358,0.000123981,2.51668,7.45058e-09,-2
car2,-5.09667,-4,0.199997,0,3
car3,25.2199,3.80255,8.76667,-0.0083335,-2
car1,20.8197,0.000123982,2.45001,7.45058e-09,-2
car2,-5.09001,-4,0.299997,0,3
car3,25.5122,3.80011,8.7,-0.0083335,-2
car1,20.9013,0.000123983,2.38335,7.45058e-09,-2
car2,-5.08001,-4,0.399997,0,3
car3,25.8022,3.7977,8.63334,-0.0083335,-2
car1,20.9808,0.000123983,2.31668,7.45058e-09,-2
car2,-5.06667,-4,0.499997,0,3
car3,26.0899,3.7953,8.56667,-0.0083335,-2
car1,21.058,0.000123984,2.25001,7.45058e-09,-2
car2,-5.05001,-4,0.599997,0,3
car3,26.3755,3.79292,8.5,-0.0083335,-2
car1,21.133,0.000123984,2.18335,7.45058e-09,-2
car2,-5.03001,-4,0.699997,0,3
car3,26.6588,3.79056,8.43334,-0.0083335,-2
car1,21.2058,0.000123985,2.11668,7.45058e-09,-2
car2,-5.00667,-4,0.799997,0,3
car3,26.9399,3.78821,8.36667,-0.0083335,-2
car1,21.2763,0.000123985,2.05001,7.45058e-09,-2
car2,-4.98001,-4,0.899997,0,3
car3,27.2188,3.78589,8.3,-0.0083335,-2
car1,21.3447,0.000123986,1.98335,7.45058e-09,-2
car2,-4.95001,-4,0.999997,0,3
car3,27.4954,3.78358,8.23334,-0.0083335,-2
car1,21.4108,0.000123986,1.91668,7.45058e-09,-2
car2,-4.91668,-4,1.1,0,3
car3,27.7699,3.7813,8.16667,-0.0083335,-2
car1,21.4747,0.000123987,1.85001,7.45058e-09,-2
car2,-4.88001,-4,1.2,0,3
car3,28.0421,3.77903,8.10001,-0.0083335,-2
car1,21.5363,0.000123987,1.78335,7.45058e-09,-2
car2,-4.84001,-4,1.3,0,3
car3,28.3121,3.77678,8.03334,-0.0083335,-2
car1,21.5958,0.000123988,1.71668,7.45058e-09,-2
car2,-4.79668,-4,1.4,0,3
car3,28.5798,3.77455,7.96667,-0.0083335,-2
car1,21.653,0.000123988,1.65001,7.45058e-09,-2
car2,-4.75001,-4,1.5,0,3
car3,28.8454,3.77233,7.90001,-0.0083335,-2
car1,21.708,0.000123989,1.58335,7.45058e-09,-2
car2,-4.70001,-4,1.6,0,3
car3,29.1087,3.77014,7.83334,-0.0083335,-2
car1,21.7608,0.000123989,1.51668,7.45058e-09,-2
car2,-4.64668,-4,1.7,0,3
car3,29.3698,3.76796,7.76667,-0.0083335,-2
car1,21.8113,0.000123989,1.45001,7.45058e-09,-2
car2,-4.59001,-4,1.8,0,3
car3,29.6287,3.76581,7.70001,-0.0083335,-2
car1,21.8597,0.00012399,1.38335,7.45058e-09,-2
car2,-4.53001,-4,1.9,0,3
car3,29.8853,3.76367,7.63334,-0.0083335,-2
car1,21.9058,0.00012399,1.31668,7.45058e-09,-2
car2,-4.46668,-4,2,0,3
car3,30.1398,3.76155,7.56667,-0.0083335,-2
car1,21.9497,0.00012399,1.25001,7.45058e-09,-2
car2,-4.40001,-4,2.1,0,3
car3,30.392,3.75945,7.50001,-0.0083335,-2
car1,21.9913,0.000123991,1.18335,7.45058e-09,-2
car2,-4.33001,-4,2.2,0,3
car3,30.642,3.75736,7.43334,-0.0083335,-2
car1,22.0308,0.000123991,1.11668,7.45058e-09,-2
car2,-4.25668,-4,2.3,0,3
car3,30.8898,3.7553,7.36667,-0.0083335,-2
car1,22.068,0.000123991,1.05001,7.45058e-09,-2
car2,-4.18001,-4,2.4,0,3
car3,31.1353,3.75325,7.30001,-0.0083335,-2
car1,22.103,0.000123992,0.983347,7.45058e-09,-2
car2,-4.10001,-4,2.5,0,3
car3,31.3786,3.75122,7.23334,-0.0083335,-2
car1,22.1358,0.000123992,0.916681,7.45058e-09,-2
car2,-4.01668,-4,2.6,0,3
car3,31.6197,3.74921,7.16667,-0.0083335,-2
car1,22.1663,0.000123992,0.850014,7.45058e-09,-2
car2,-3.93001,-4,2.7,0,3
car3,31.8586,3.74722,7.10001,-0.0083335,-2
car1,22.1947,0.000123992,0.783347,7.45058e-09,-2
car2,-3.84001,-4,2.8,0,3
car3,32.0953,3.74525,7.03334,-0.0083335,-2
car1,22.2208,0.000123992,0.716681,7.45058e-09,-2
car2,-3.74668,-4,2.9,0,3
car3,32.3297,3.7433,6.96667,-0.0083335,-2
car1,22.2447,0.000123993,0.650014,7.45058e-09,-2
car2,-3.65001,-4,3,0,3
car3,32.5619,3.74136,6.90001,-0.0083335,-2
car1,22.2663,0.000123993,0.583347,7.45058e-09,-2
car2,-3.55001,-4,3.1,0,3
car3,32.7919,3.73944,6.83334,-0.0083335,-2
car1,22.2858,0.000123993,0.516681,7.45058e-09,-2
car2,-3.44668,-4,3.2,0,3
car3,33.0197,3.73755,6.76667,-0.0083335,-2
car1,22.303,0.000123993,0.450014,7.45058e-09,-2
car2,-3.34001,-4,3.3,0,3
car3,33.2452,3.73567,6.70001,-0.0083335,-2
car1,22.318,0.000123993,0.383348,7.45058e-09,-2
car2,-3.23001,-4,3.4,0,3
car3,33.4686,3.73381,6.63334,-0.0083335,-2
car1,22.3308,0.000123993,0.316681,7.45058e-09,-2
car2,-3.11668,-4,3.5,0,3
car3,33.6897,3.73196,6.56667,-0.0083335,-2
car1,22.3413,0.000123993,0.250014,7.45058e-09,-2
car2,-3.00001,-4,3.6,0,3
car3,33.9085,3.73014,6.50001,-0.0083335,-2
car1,22.3497,0.000123993,0.183348,7.45058e-09,-2
car2,-2.88001,-4,3.7,0,3
car3,34.1252,3.72833,6.43334,-0.0083335,-2
car1,22.3558,0.000123993,0.116681,7.45058e-09,-2
car2,-2.75668,-4,3.8,0,3
car3,34.3396,3.72655,6.36667,-0.0083335,-2
car1,22.3597,0.000123993,0.0500142,7.45058e-09,-2
car2,-2.63001,-4,3.9,0,3
car3,34.5519,3.72478,6.30001,-0.0083335,-2
car1,22.3613,0.000123993,-0.0166525,7.45058e-09,-2
car2,-2.50001,-4,4,0,3
car3,34.7618,3.72303,6.23334,-0.0083335,-2
car1,22.3608,0.000123993,-0.0833192,7.45058e-09,-2
car2,-2.36668,-4,4.1,0,3
car3,34.9696,3.7213,6.16667,-0.0083335,-2
car1,22.358,0.000123993,-0.149986,7.45058e-09,-2
car2,-2.23001,-4,4.2,0,3
car3,35.1752,3.71958,6.10001,-0.0083335,-2
car1,22.353,0.000123993,-0.216652,7.45058e-09,-2
car2,-2.09001,-4,4.29999,0,3
car3,35.3785,3.71789,6.03334,-0.0083335,-2
car1,22.3458,0.000123993,-0.283319,7.45058e-09,-2
car2,-1.94668,-4,4.39999,0,3
car3,35.5796,3.71621,5.96667,-0.0083335,-2
car1,22.3363,0.000123993,-0.349986,7.45058e-09,-2
car2,-1.80001,-4,4.49999,0,3
car3,35.7785,3.71456,5.90001,-0.0083335,-2
car1,22.3247,0.000123993,-0.416652,7.45058e-09,-2
car2,-1.65001,-4,4.59999,0,3
car3,35.9751,3.71292,5.90001,-0.0083335,0
car1,22.3108,0.000123993,-0.483319,7.45058e-09,-2
car2,-1.49668,-4,4.69999,0,3
car3,36.1718,3.71128,5.90001,-0.0083335,0
car1,22.2947,0.000123993,-0.549986,7.45058e-09,-2
car2,-1.34001,-4,4.79999,0,3
car3,36.3685,3.70964,5.90001,-0.0083335,0
car1,22.2763,0.000123993,-0.616652,7.45058e-09,-2
car2,-1.18001,-4,4.89999,0,3
car3,36.5651,3.708,5.90001,-0.0083335,0
car1,22.2558,0.000123993,-0.683319,7.45058e-09,-2
car2,-1.01668,-4,4.99999,0,3
car3,36.7618,3.70636,5.90001,-0.0083335,0
car1,22.233,0.000123993,-0.749986,7.45058e-09,-2
car2,-0.850014,-4,5.09999,0,3
car3,36.9584,3.70472,5.90001,-0.0083335,0
car1,22.208,0.000123992,-0.816652,7.45058e-09,-2
car2,-0.680014,-4,5.19999,0,3
car3,37.1551,3.70308,5.90001,-0.0083335,0
car1,22.1808,0.000123992,-0.883319,7.45058e-09,-2
car2,-0.506681,-4,5.29999,0,3
car3,37.3518,3.70144,5.90001,-0.0083335,0
car1,22.1513,0.000123992,-0.949986,7.45058e-09,-2
car2,-0.330014,-4,5.39999,0,3
car3,37.5484,3.69981,5.90001,-0.0083335,0
car1,22.1197,0.000123992,-1.01665,7.45058e-09,-2
car2,-0.150014,-4,5.49999,0,3
car3,37.7451,3.69817,5.90001,-0.0083335,0
car1,22.0858,0.000123991,-1.08332,7.45058e-09,-2
car2,0.0333187,-4,5.59999,0,3
car3,37.9417,3.69653,5.90001,-0.0083335,0
car1,22.0497,0.000123991,-1.14999,7.45058e-09,-2
car2,0.219985,-4,5.69999,0,3
car3,38.1384,3.69489,5.90001,-0.0083335,0
car1,22.0113,0.000123991,-1.21665,7.45058e-09,-2
car2,0.409985,-4,5.79999,0,3
car3,38.3351,3.69325,5.90001,-0.0083335,0
car1,21.9708,0.000123991,-1.28332,7.45058e-09,-2
car2,0.603318,-4,5.89999,0,3
car3,38.5317,3.69161,5.90001,-0.0083335,0
car1,21.928,0.00012399,-1.34999,7.45058e-09,-2
car2,0.799985,-4,5.99999,0,3
car3,38.7284,3.68997,5.90001,-0.0083335,0
car1,21.883,0.00012399,-1.41665,7.45058e-09,-2
car2,0.999984,-4,5.99999,0,0
car3,38.925,3.68833,5.90001,-0.0083335,0
car1,21.8358,0.00012399,-1.48332,7.45058e-09,-2
car2,1.19998,-4,5.99999,0,0
car3,39.1217,3.68669,5.90001,-0.0083335,0
car1,21.7863,0.000123989,-1.54999,7.45058e-09,-2
car2,1.39998,-4,5.99999,0,0
car3,39.3184,3.68506,5.90001,-0.0083335,0
car1,21.7347,0.000123989,-1.61665,7.45058e-09,-2
car2,1.59998,-4,5.99999,0,0
car3,39.515,3.68342,5.90001,-0.0083335,0
car1,21.6808,0.000123988,-1.68332,7.45058e-09,-2
car2,1.79998,-4,5.99999,0,0
car3,39.7117,3.68178,5.90001,-0.0083335,0
car1,21.6247,0.000123988,-1.74999,7.45058e-09,-2
car2,1.99998,-4,5.99999,0,0
car3,39.9083,3.68014,5.90001,-0.0083335,0
car1,21.5664,0.000123988,-1.81665,7.45058e-09,-2
car2,2.19998,-4,5.99999,0,0
car3,40.105,3.6785,5.90001,-0.0083335,0
car1,21.5058,0.000123987,-1.88332,7.45058e-09,-2
car2,2.39998,-4,5.99999,0,0
car3,40.3017,3.67686,5.90001,-0.0083335,0
car1,21.443,0.000123987,-1.94999,7.45058e-09,-2
car2,2.59998,-4,5.99999,0,0
car3,40.4983,3.67522,5.90001,-0.0083335,0
car1,21.378,0.000123986,-2.01665,7.45058e-09,-2
car2,2.79998,-4,5.99999,0,0
car3,40.695,3.67358,5.90001,-0.0083335,0
car1,21.3108,0.000123986,-2.08332,7.45058e-09,-2
car2,2.99998,-4,5.99999,0,0
car3,40.8916,3.67194,5.90001,-0.0083335,0
car1,21.2414,0.000123985,-2.14999,7.45058e-09,-2
car2,3.19998,-4,5.99999,0,0
car3,41.0883,3.67031,5.90001,-0.0083335,0
car1,21.1697,0.000123985,-2.21665,7.45058e-09,-2
car2,3.39998,-4,5.99999,0,0
car3,41.285,3.66867,5.90001,-0.0083335,0
car1,21.0958,0.000123984,-2.28332,7.45058e-09,-2
car2,3.59998,-4,5.99999,0,0
car3,41.4816,3.66703,5.90001,-0.0083335,0
car1,21.0197,0.000123983,-2.34999,7.45058e-09,-2
car2,3.79998,-4,5.99999,0,0
car3,41.6783,3.66539,5.90001,-0.0083335,0
car1,20.9414,0.000123983,-2.41665,7.45058e-09,-2
car2,3.99998,-4,5.99999,0,0
car3,41.8749,3.66375,5.90001,-0.0083335,0
car1,20.8608,0.000123982,-2.48332,7.45058e-09,-2
car2,4.19998,-4,5.99999,0,0
car3,42.0716,3.66211,5.90001,-0.0083335,0
car1,20.778,0.000123982,-2.54999,7.45058e-09,-2
car2,4.39998,-4,5.99999,0,0
car3,42.2683,3.66047,5.90001,-0.0083335,0
car1,20.693,0.000123981,-2.61665,7.45058e-09,-2
car2,4.59998,-4,5.99999,0,0
car3,42.4649,3.65883,5.90001,-0.0083335,0
car1,20.6058,0.00012398,-2.68332,7.45058e-09,-2
car2,4.79998,-4,5.99999,0,0
car3,42.6616,3.65719,5.90001,-0.0083335,0
car1,20.5164,0.00012398,-2.74999,7.45058e-09,-2
car2,4.99998,-4,5.99999,0,0
car3,42.8582,3.65556,5.90001,-0.0083335,0
car1,20.4247,0.000123979,-2.81665,7.45058e-09,-2
car2,5.19998,-4,5.99999,0,0
car3,43.0549,3.65392,5.90001,-0.0083335,0
car1,20.3308,0.000123978,-2.88332,7.45058e-09,-2
car2,5.39998,-4,5.99999,0,0
car3,43.2516,3.65228,5.90001,-0.0083335,0
car1,20.2347,0.000123978,-2.94999,7.45058e-09,-2
car2,5.59998,-4,5.99999,0,0
car3,43.4482,3.65064,5.90001,-0.0083335,0
car1,20.1364,0.000123977,-3.01665,7.45058e-09,-2
car2,5.79998,-4,5.99999,0,0
car3,43.6449,3.649,5.90001,-0.0083335,0
car1,20.0358,0.000123976,-3.08332,7.45058e-09,-2
car2,5.99998,-4,5.99999,0,0
car3,43.8415,3.64736,5.90001,-0.0083335,0
car1,19.933,0.000123975,-3.14999,7.45058e-09,-2
car2,6.19998,-4,5.99999,0,0
car3,44.0382,3.64572,5.90001,-0.0083335,0
car1,19.828,0.000123975,-3.21665,7.45058e-09,-2
car2,6.39998,-4,5.99999,0,0
car3,44.2349,3.64408,5.90001,-0.0083335,0
car1,19.7208,0.000123974,-3.28332,7.45058e-09,-2
car2,6.59998,-4,5.99999,0,0
car3,44.4315,3.64244,5.90001,-0.0083335,0
car1,19.6114,0.000123973,-3.34999,7.45058e-09,-2
car2,6.79998,-4,5.99999,0,0
car3,44.6282,3.6408,5.90001,-0.0083335,0
car1,19.4997,0.000123972,-3.41665,7.45058e-09,-2
car2,6.99998,-4,5.99999,0,0
car3,44.8248,3.63917,5.90001,-0.0083335,0
car1,19.3858,0.000123971,-3.48332,7.45058e-09,-2
car2,7.19998,-4,5.99999,0,0
car3,45.0215,3.63753,5.90001,-0.0083335,0
car1,19.2697,0.00012397,-3.54999,7.45058e-09,-2
car2,7.39998,-4,5.99999,0,0
car3,45.2182,3.63589,5.90001,-0.0083335,0
car1,19.1514,0.00012397,-3.61665,7.45058e-09,-2
car2,7.59998,-4,5.99999,0,0
car3,45.4148,3.63425,5.90001,-0.0083335,0
car1,19.0308,0.000123969,-3.68332,7.45058e-09,-2
car2,7.79998,-4,5.99999,0,0
car3,45.6115,3.63261,5.90001,-0.0083335,0
car1,18.908,0.000123968,-3.74998,7.45058e-09,-2
car2,7.99998,-4,5.99999,0,0
car3,45.8081,3.63097,5.90001,-0.0083335,0
car1,18.783,0.000123967,-3.81665,7.45058e-09,-2
car2,8.19998,-4,5.99999,0,0
car3,46.0048,3.62933,5.90001,-0.0083335,0
car1,18.6558,0.000123966,-3.88332,7.45058e-09,-2
car2,8.39998,-4,5.99999,0,0
car3,46.2015,3.62769,5.90001,-0.0083335,0
car1,18.5264,0.000123965,-3.94998,7.45058e-09,-2
car2,8.59998,-4,5.99999,0,0
car3,46.3981,3.62605,5.90001,-0.0083335,0
car1,18.3947,0.000123964,-4.01665,7.45058e-09,-2
car2,8.79998,-4,5.99999,0,0
car3,46.5948,3.62442,5.90001,-0.0083335,0
car1,18.2608,0.000123963,-4.08332,7.45058e-09,-2
car2,8.99998,-4,5.99999,0,0
car3,46.7914,3.62278,5.90001,-0.0083335,0
car1,18.1247,0.000123962,-4.14998,7.45058e-09,-2
car2,9.19998,-4,5.99999,0,0
car3,46.9881,3.62114,5.90001,-0.0083335,0
car1,17.9864,0.000123961,-4.21665,7.45058e-09,-2
car2,9.39998,-4,5.99999,0,0
car3,47.1848,3.6195,5.90001,-0.0083335,0
car1,17.8458,0.00012396,-4.28332,7.45058e-09,-2
car2,9.59998,-4,5.99999,0,0
car3,47.3814,3.61786,5.90001,-0.0083335,0
car1,17.703,0.000123959,-4.34998,7.45058e-09,-2
car2,9.79998,-4,5.99999,0,0
car3,47.5781,3.61622,5.90001,-0.0083335,0
car1,17.558,0.000123958,-4.41665,7.45058e-09,-2
car2,9.99998,-4,5.99999,0,0
car3,47.7747,3.61458,5.90001,-0.0083335,0
car1,17.4108,0.000123957,-4.48332,7.45058e-09,-2
car2,10.2,-4,5.99999,0,0
car3,47.9714,3.61294,5.90001,-0.0083335,0
car1,17.2614,0.000123955,-4.54998,7.45058e-09,-2
car2,10.4,-4,5.99999,0,0
car3,48.1681,3.6113,5.90001,-0.0083335,0
car1,17.1097,0.000123954,-4.61665,7.45058e-09,-2
car2,10.6,-4,5.99999,0,0
car3,48.3647,3.60967,5.90001,-0.0083335,0
car1,16.9558,0.000123953,-4.68332,7.45058e-09,-2
car2,10.8,-4,5.99999,0,0
car3,48.5614,3.60803,5.90001,-0.0083335,0
car1,16.7997,0.000123952,-4.74998,7.45058e-09,-2
car2,11,-4,5.99999,0,0
car3,48.758,3.60639,5.90001,-0.0083335,0
car1,16.6414,0.000123951,-4.81665,7.45058e-09,-2
car2,11.2,-4,5.99999,0,0
car3,48.9547,3.60475,5.90001,-0.0083335,0
car1,16.4808,0.00012395,-4.88332,7.45058e-09,-2
car2,11.4,-4,5.99999,0,0
car3,49.1514,3.60311,5.90001,-0.0083335,0
car1,16.318,0.000123948,-4.94998,7.45058e-09,-2
car2,11.6,-4,5.99999,0,0
car3,49.348,3.60147,5.90001,-0.0083335,0
car1,16.153,0.000123947,-5.01665,7.45058e-09,-2
car2,11.8,-4,5.99999,0,0
car3,49.5447,3.59983,5.90001,-0.0083335,0
car1,15.9858,0.000123946,-5.08332,7.45058e-09,-2
car2,12,-4,5.99999,0,0
car3,49.7413,3.59819,5.90001,-0.0083335,0
car1,15.8164,0.000123945,-5.14998,7.45058e-09,-2
car2,12.2,-4,5.99999,0,0
car3,49.938,3.59655,5.90001,-0.0083335,0
car1,15.6447,0.000123943,-5.21665,7.45058e-09,-2
car2,12.4,-4,5.99999,0,0
car3,50.1347,3.59492,5.90001,-0.0083335,0
car1,15.4708,0.000123942,-5.28332,7.45058e-09,-2
car2,12.6,-4,5.99999,0,0
car3,50.3313,3.59328,5.90001,-0.0083335,0
car1,15.2947,0.000123941,-5.34998,7.45058e-09,-2
car2,12.8,-4,5.99999,0,0
car3,50.528,3.59164,5.90001,-0.0083335,0
