name,t,dt,sensor_type,lidar_x,lidar_y,nis_lidar,radar_r,radar_phi,radar_dr,nis_radar,x_px,x_py,x_v,x_yaw_angle,x_yaw_rate
car1,0,0,radar,,,,10.8145,2.72508,-4.31948,1.49391e-311,-9.8899,4.37529,-4.31948,0,0
car2,0,0,radar,,,,25.3192,-0.190092,-5.61145,1.49391e-311,24.8632,-4.78405,-5.61145,0,0
car3,0,0,radar,,,,12.1654,3.11141,-0.688,1.49391e-311,-12.1599,0.36708,-0.688,0,0
car1,0.033333,0.033333,radar,,,,10.5677,2.71781,-4.75732,7.93552,-9.66052,4.3703,-3.29515,1.11032,0.063233
car2,0.033333,0.033333,radar,,,,25.0292,-0.192638,-6.05946,0.704159,24.5494,-4.76913,-5.86513,-0.151011,-0.00896678
car3,0.033333,0.033333,radar,,,,12.0395,3.11015,-1.13724,2.96015,-12.019,0.28849,0.579842,0.0159145,0.000894727
car1,0.066666,0.033333,radar,,,,10.3982,2.77725,-4.58475,6.63633,-9.63391,3.94762,-3.84435,3.18254,0.247857
car2,0.066666,0.033333,radar,,,,24.8162,-0.128314,-5.89754,3.1495,24.478,-4.09416,-6.03529,-0.415614,-0.0241117
car3,0.066666,0.033333,radar,,,,11.9905,3.17577,-0.976575,2.12107,-11.9581,0.201887,0.899671,-0.0207376,-0.0019815
car1,0.1,0.033334,radar,,,,9.86106,2.72457,-4.53701,2.86278,-9.32817,3.95797,-4.76449,3.07989,0.204764
car2,0.1,0.033334,radar,,,,24.2351,-0.17594,-5.86097,1.71035,24.1393,-4.1439,-6.23016,-0.151219,0.00260271
car3,0.1,0.033334,radar,,,,11.5734,3.12946,-0.941288,2.59291,-11.7958,0.189114,1.00892,-0.0161355,-0.00133976
car1,0.133333,0.033333,radar,,,,10.0095,2.78774,-4.94543,3.7219,-9.22471,3.81408,-4.97635,3.04582,0.0288589
car2,0.133333,0.033333,radar,,,,24.3392,-0.107546,-6.2811,3.65253,24.03,-3.62822,-6.48291,-0.646037,-0.049178
car3,0.133333,0.033333,radar,,,,11.8415,3.1992,-1.36274,2.2371,-11.7609,0.145995,1.14822,-0.0159751,-0.00120551
car1,0.166666,0.033333,radar,,,,9.34428,2.71231,-4.46471,3.28211,-8.94843,3.83123,-4.94232,3.06834,0.158341
car2,0.166666,0.033333,radar,,,,23.6292,-0.177565,-5.81266,2.99784,23.6978,-3.85105,-6.57475,-0.0846935,0.0367492
car3,0.166666,0.033333,radar,,,,11.2954,3.13054,-0.895651,3.12557,-11.6361,0.142229,1.18867,-0.0152706,-0.00107362
car1,0.2,0.033334,radar,,,,9.83633,2.77952,-4.88022,3.26138,-8.86139,3.73846,-4.92257,2.9959,-0.167606
car2,0.2,0.033334,radar,,,,24.0761,-0.104764,-6.24108,3.41937,23.5976,-3.45052,-6.89626,-0.437911,-0.0125478
car3,0.2,0.033334,radar,,,,11.9062,3.20472,-1.32545,2.26079,-11.6375,0.0838558,1.26745,-0.0169411,-0.00114473
car1,0.233333,0.033333,radar,,,,8.88132,2.72007,-4.7206,3.51228,-8.60978,3.71599,-4.98462,3.00892,-0.138298
car2,0.233333,0.033333,radar,,,,23.0755,-0.158423,-6.09502,3.34806,23.3018,-3.489,-6.94222,-0.288515,0.0220397
car3,0.233333,0.033333,radar,,,,11.0694,3.15247,-1.1808,4.49389,-11.5161,0.102332,1.33107,-0.0116785,6.11875e-05
car1,0.266666,0.033333,radar,,,,9.26876,2.69785,-4.26191,2.01385,-8.4308,3.76964,-4.97717,3.10368,0.277936
car2,0.266666,0.033333,radar,,,,23.4169,-0.174636,-5.65057,1.96843,23.1016,-3.55214,-6.44294,-0.253977,-0.0455596
car3,0.266666,0.033333,radar,,,,11.5746,3.13769,-0.737812,1.01975,-11.4964,0.0576725,1.32701,-0.0173151,-0.000966761
car1,0.3,0.033334,radar,,,,9.73266,2.72726,-4.73411,4.73983,-8.35059,3.74478,-4.92869,3.0241,-0.0477752
car2,0.3,0.033334,radar,,,,23.8343,-0.139004,-6.13776,4.62017,22.9891,-3.42816,-6.57969,-0.310235,-0.0305136
car3,0.3,0.033334,radar,,,,12.1557,3.17478,-1.22649,5.25963,-11.5304,-0.0486417,1.3688,-0.0250727,-0.0017748
car1,0.333333,0.033333,radar,,,,9.30684,2.66714,-4.62444,2.90016,-8.17867,3.82676,-5.06695,3.10608,0.106227
car2,0.333333,0.033333,radar,,,,23.3614,-0.192675,-6.04387,2.86525,22.7907,-3.60081,-6.42041,-0.165639,0.0155664
car3,0.333333,0.033333,radar,,,,11.8465,3.12259,-1.13412,2.06199,-11.5237,-0.0571662,1.4034,-0.0147114,0.00170765
car1,0.366666,0.033333,radar,,,,8.97925,2.64891,-4.59767,2.17974,-7.98327,3.90386,-5.20286,3.17131,0.180212
car2,0.366666,0.033333,radar,,,,22.9862,-0.204217,-6.03371,2.12078,22.5693,-3.78423,-6.32074,-0.0423249,0.0701843
car3,0.366666,0.033333,radar,,,,11.635,3.11255,-1.12554,1.27715,-11.495,-0.0284137,1.43903,-0.00214415,0.00534321
car1,0.4,0.033334,radar,,,,8.8691,2.63285,-4.22684,1.94997,-7.7815,4.01468,-5.34272,3.28661,0.420456
car2,0.4,0.033334,radar,,,,22.8279,-0.213333,-5.68038,2.2564,22.3487,-4.03728,-6.17929,0.140032,0.26259
car3,0.4,0.033334,radar,,,,11.6402,3.10497,-0.773813,1.71842,-11.4133,0.846721,1.16206,1.07075,1.09532
car1,0.433333,0.033333,radar,,,,9.07581,2.64513,-3.85875,2.58983,-7.62547,4.10841,-5.40458,3.37551,0.621804
car2,0.433333,0.033333,radar,,,,22.9859,-0.193846,-5.33074,2.60855,22.178,-4.19246,-6.11721,0.260024,0.493495
car3,0.433333,0.033333,radar,,,,11.9617,3.12601,-0.425823,3.70475,-11.4277,1.17247,1.20426,1.03931,0.996894
car1,0.466666,0.033333,radar,,,,8.26297,2.7202,-3.87741,7.74579,-7.49173,4.03527,-5.20737,3.344,0.643182
car2,0.466666,0.033333,radar,,,,22.1236,-0.111288,-5.36886,7.02833,21.9942,-4.05867,-6.09713,0.263978,0.672648
car3,0.466666,0.033333,radar,,,,11.263,3.21016,-0.465643,8.44104,-11.2891,-0.29711,0.987857,1.34683,1.70995
car1,0.5,0.033334,radar,,,,8.51295,2.66923,-5.0859,11.419,-7.35435,3.96808,-5.13682,3.22074,0.205037
car2,0.5,0.033334,radar,,,,22.3236,-0.154483,-6.58327,9.30608,21.805,-3.96252,-6.13242,0.0931565,-0.0797805
car3,0.5,0.033334,radar,,,,11.6263,3.16858,-1.74831,19.0899,-11.2075,-0.114449,1.04287,0.776717,0.744592
car1,0.533333,0.033333,radar,,,,8.00629,2.6189,-4.37021,0.83157,-7.15825,3.99398,-5.20486,3.22828,0.168909
car2,0.533333,0.033333,radar,,,,21.7666,-0.196697,-5.87489,0.629571,21.5842,-4.00729,-6.14773,0.0925364,-0.0963395
car3,0.533333,0.033333,radar,,,,11.2305,3.12795,-1.10785,2.08692,-11.1669,-0.0394769,1.22882,0.740914,0.519218
car1,0.566666,0.033333,radar,,,,7.91342,2.60029,-3.69174,2.74916,-6.97117,4.04345,-5.18516,3.28108,0.320341
car2,0.566666,0.033333,radar,,,,21.6232,-0.206839,-5.20523,3.90773,21.3811,-4.0662,-6.03484,0.142395,0.158568
car3,0.566666,0.033333,radar,,,,11.246,3.11937,-0.505653,2.11884,-11.1814,0.22924,1.37276,0.941569,0.638234
car1,0.6,0.033334,radar,,,,8.17154,2.64165,-4.13851,2.19981,-6.84131,4.02227,-5.08712,3.25545,0.257611
car2,0.6,0.033334,radar,,,,21.8305,-0.156632,-5.66242,1.87711,21.2102,-4.03191,-6.00242,0.128185,0.126175
car3,0.6,0.033334,radar,,,,11.6099,3.17109,-1.02968,5.96324,-11.1433,0.198075,1.65539,1.03459,0.529805
car1,0.633333,0.033333,radar,,,,7.44803,2.56628,-4.25199,2.79859,-6.63079,4.05907,-5.20346,3.26014,0.198903
car2,0.633333,0.033333,radar,,,,21.0558,-0.222744,-5.78806,2.50461,20.98,-4.10909,-6.06482,0.127804,0.0595925
car3,0.633333,0.033333,radar,,,,10.9895,3.10644,-1.22134,1.72089,-11.0951,0.303115,1.66602,0.910146,0.286816
car1,0.666666,0.033333,radar,,,,7.48951,2.61558,-4.2197,1.81058,-6.47944,4.02216,-5.11428,3.22485,0.118706
car2,0.666666,0.033333,radar,,,,21.0456,-0.163776,-5.76981,1.35009,20.7851,-4.06115,-6.03229,0.0910475,-0.034947
car3,0.666666,0.033333,radar,,,,11.1315,3.1668,-1.26809,4.37446,-11.0437,0.308665,1.8814,0.943595,0.0952611
car1,0.7,0.033334,radar,,,,7.32158,2.59145,-4.22646,0.911466,-6.31504,4.00346,-5.08529,3.20295,0.0631776
car2,0.7,0.033334,radar,,,,20.8255,-0.17778,-5.79264,0.658757,20.5845,-4.03658,-6.02229,0.0643937,-0.0983296
car3,0.7,0.033334,radar,,,,11.0614,3.15411,-1.35466,3.26225,-10.9899,0.343004,1.9916,0.922462,-0.117399
car1,0.733333,0.033333,radar,,,,7.04402,2.56144,-4.35159,1.63542,-6.12874,3.99903,-5.13408,3.18656,0.00731318
car2,0.733333,0.033333,radar,,,,20.4952,-0.197197,-5.93603,1.23396,20.3674,-4.04459,-6.07438,0.0469501,-0.150017
car3,0.733333,0.033333,radar,,,,10.879,3.13591,-1.56027,2.7271,-10.9277,0.387168,2.06989,0.859403,-0.36641
car1,0.766666,0.033333,radar,,,,7.18988,2.54995,-4.25133,0.18751,-5.95772,4.00198,-5.15242,3.17755,-0.0193368
car2,0.766666,0.033333,radar,,,,20.5876,-0.197592,-5.8564,0.0477784,20.1681,-4.05089,-6.08781,0.035793,-0.169258
car3,0.766666,0.033333,radar,,,,11.1173,3.13662,-1.54102,2.63703,-10.8729,0.426575,2.12197,0.822672,-0.520447
car1,0.8,0.033334,radar,,,,6.88856,2.50107,-4.57478,3.17704,-5.74891,4.02772,-5.31407,3.17176,-0.0643206
car2,0.8,0.033334,radar,,,,20.2322,-0.234841,-6.20303,2.70408,19.9358,-4.13655,-6.25468,0.0558362,-0.149434
car3,0.8,0.033334,radar,,,,10.9057,3.10035,-1.94587,2.91434,-10.8026,0.473267,2.22879,0.748654,-0.724213
car1,0.833333,0.033333,radar,,,,6.59219,2.46694,-4.22343,2.93823,-5.52076,4.07878,-5.46362,3.19824,-0.0257419
car2,0.833333,0.033333,radar,,,,19.8809,-0.256773,-5.87763,3.1694,19.6884,-4.29352,-6.38352,0.138731,0.0194994
car3,0.833333,0.033333,radar,,,,10.6963,3.07926,-1.67618,0.415877,-10.7433,0.528632,2.28451,0.721384,-0.742366
car1,0.866666,0.033333,radar,,,,7.21019,2.46927,-4.00657,2.81647,-5.34082,4.1297,-5.51132,3.2206,0.0135736
car2,0.866666,0.033333,radar,,,,20.4431,-0.241654,-5.68973,3.00681,19.4864,-4.4285,-6.44577,0.209368,0.156188
car3,0.866666,0.033333,radar,,,,11.3985,3.09506,-1.54103,5.32785,-10.7013,0.580458,2.24387,0.703788,-0.717804
car1,0.9,0.033334,radar,,,,6.51124,2.46471,-4.43572,1.63171,-5.15908,4.11511,-5.52129,3.18696,-0.0641632
car2,0.9,0.033334,radar,,,,19.6873,-0.232801,-6.15107,1.20947,19.2827,-4.38356,-6.39635,0.122383,-0.0410508
car3,0.9,0.033334,radar,,,,10.7809,3.10441,-2.05177,2.45046,-10.6309,0.608271,2.30094,0.627867,-0.882182
car1,0.933333,0.033333,radar,,,,6.41962,2.48982,-4.26348,1.63939,-5.0084,4.07315,-5.41633,3.15095,-0.119922
car2,0.933333,0.033333,radar,,,,19.5377,-0.193598,-6.01455,1.13355,19.0888,-4.32106,-6.32725,0.0783331,-0.107116
car3,0.933333,0.033333,radar,,,,10.7679,3.14392,-1.96079,4.94698,-10.5661,0.594281,2.17299,0.499109,-1.08181
car1,0.966666,0.033333,radar,,,,5.83953,2.45756,-4.08147,2.70563,-4.82639,4.04569,-5.36769,3.13555,-0.133238
car2,0.966666,0.033333,radar,,,,18.8983,-0.211059,-5.87207,2.71449,18.871,-4.29629,-6.27853,0.0597632,-0.124
car3,0.966666,0.033333,radar,,,,10.2637,3.12654,-1.85946,2.75028,-10.4982,0.580398,2.06712,0.387257,-1.21085
car1,1,0.033334,radar,,,,6.14523,2.45619,-3.72607,1.86268,-4.67507,4.02652,-5.23206,3.12896,-0.123369
car2,1,0.033334,radar,,,,19.1434,-0.196875,-5.56032,2.12666,18.6906,-4.23349,-6.1077,0.0287947,-0.149816
car3,1,0.033334,radar,,,,10.6425,3.14057,-1.62606,3.69157,-10.4483,0.524246,1.81071,0.225147,-1.36324
car1,1.03333,0.033333,radar,,,,6.38184,2.41801,-3.78367,1.45945,-4.51788,4.03329,-5.18983,3.12994,-0.112354
car2,1.03333,0.033333,radar,,,,19.3179,-0.218704,-5.66605,1.5461,18.513,-4.22045,-6.03073,0.0151361,-0.159212
car3,1.03333,0.033333,radar,,,,10.9481,3.11851,-1.80995,4.17461,-10.3993,0.516736,1.78981,0.153986,-1.4131
car1,1.06667,0.033333,radar,,,,6.30982,2.39276,-4.39889,4.2743,-4.35462,4.02251,-5.26207,3.10552,-0.15937
car2,1.06667,0.033333,radar,,,,19.1821,-0.226771,-6.33423,4.11689,18.3137,-4.23541,-6.179,0.00964849,-0.169397
car3,1.06667,0.033333,radar,,,,10.9408,3.11013,-2.55611,9.45583,-10.3275,0.570938,2.07911,0.179863,-1.38062
car1,1.1,0.033334,radar,,,,6.3217,2.37678,-3.75838,3.10894,-4.19647,4.03562,-5.23279,3.10958,-0.143617
car2,1.1,0.033334,radar,,,,19.1283,-0.224677,-5.75192,3.20973,18.1386,-4.22839,-6.10657,0.000479098,-0.171307
car3,1.1,0.033334,radar,,,,11.013,3.11182,-2.05158,6.65806,-10.2756,0.555725,2.04517,0.100968,-1.42883
car1,1.13333,0.033333,radar,,,,5.27615,2.4034,-3.34805,6.03493,-4.05234,3.99531,-5.03923,3.09706,-0.140772
car2,1.13333,0.033333,radar,,,,18.015,-0.179039,-5.40546,6.30444,17.9692,-4.07263,-5.87592,-0.0727967,-0.254464
car3,1.13333,0.033333,radar,,,,10.023,3.15697,-1.78269,5.51085,-10.2137,0.465992,1.91699,-0.0729299,-1.5969
car1,1.16667,0.033333,radar,,,,5.93044,2.42214,-3.52877,7.08213,-3.96406,3.93821,-4.79009,3.06068,-0.182282
car2,1.16667,0.033333,radar,,,,18.5994,-0.140308,-5.65615,7.90051,17.8547,-3.80099,-5.67585,-0.205531,-0.420138
car3,1.16667,0.033333,radar,,,,10.7282,3.19512,-2.11071,13.9128,-10.1612,0.362322,1.92316,-0.247496,-1.76901
car1,1.2,0.033334,radar,,,,5.44624,2.30274,-3.30086,2.01772,-3.77582,3.96158,-4.83452,3.08088,-0.141003
car2,1.2,0.033334,radar,,,,18.0428,-0.23866,-5.50482,0.956367,17.6598,-3.81677,-5.66424,-0.199857,-0.39805
car3,1.2,0.033334,radar,,,,10.2898,3.09609,-2.03645,0.781271,-10.0983,0.375019,1.97824,-0.264571,-1.71559
car1,1.23333,0.033333,radar,,,,5.27175,2.30256,-3.80518,1.08817,-3.60363,3.94579,-4.91165,3.06892,-0.156822
car2,1.23333,0.033333,radar,,,,17.7933,-0.216714,-6.0928,1.77119,17.4453,-3.84243,-5.8249,-0.172094,-0.340731
car3,1.23333,0.033333,radar,,,,10.1559,3.11726,-2.70124,5.63864,-10.0163,0.394711,2.19801,-0.26055,-1.64078
car1,1.26667,0.033333,radar,,,,5.24793,2.26451,-3.93151,2.2454,-3.4186,3.93779,-5.04402,3.06033,-0.169415
car2,1.26667,0.033333,radar,,,,17.6915,-0.231487,-6.31042,2.44766,17.2281,-3.86856,-5.99065,-0.15198,-0.301376
car3,1.26667,0.033333,radar,,,,10.1672,3.10161,-2.99535,6.95363,-9.92731,0.420307,2.42737,-0.245844,-1.55169
car1,1.3,0.033334,radar,,,,5.64828,2.28492,-3.12903,4.97996,-3.28397,3.93868,-4.92513,3.06293,-0.152909
car2,1.3,0.033334,radar,,,,18.0108,-0.186601,-5.60739,5.09617,17.0831,-3.74799,-5.86782,-0.203256,-0.350097
car3,1.3,0.033334,radar,,,,10.5969,3.14551,-2.3685,7.89902,-9.86843,0.350365,2.44206,-0.350446,-1.61406
car1,1.33333,0.033333,radar,,,,5.11574,2.19368,-3.30012,2.18849,-3.08144,3.96207,-5.04702,3.08112,-0.121618
car2,1.33333,0.033333,radar,,,,17.3937,-0.252132,-5.88664,1.34805,16.8721,-3.80513,-5.89764,-0.170961,-0.29743
car3,1.33333,0.033333,radar,,,,10.0878,3.07887,-2.72358,3.42854,-9.78777,0.382821,2.52176,-0.325215,-1.50991
car1,1.36667,0.033333,radar,,,,4.78184,2.14694,-3.05762,3.39408,-2.85943,3.99055,-5.18918,3.10621,-0.0802998
car2,1.36667,0.033333,radar,,,,16.9715,-0.271876,-5.76156,2.53675,16.6465,-3.90086,-5.89423,-0.122694,-0.228775
car3,1.36667,0.033333,radar,,,,9.77104,3.05791,-2.67394,2.90498,-9.70161,0.424079,2.55768,-0.295599,-1.41062
car1,1.4,0.033334,radar,,,,4.80974,2.19973,-2.58801,3.17351,-2.71123,3.9857,-5.06383,3.11094,-0.0611975
car2,1.4,0.033334,radar,,,,16.907,-0.190764,-5.41914,2.90591,16.4826,-3.79422,-5.76981,-0.161782,-0.260971
car3,1.4,0.033334,radar,,,,9.8095,3.13768,-2.40657,1.69272,-9.6269,0.349574,2.58579,-0.391325,-1.46678
car1,1.43333,0.033333,radar,,,,4.9387,2.05113,-2.34016,8.89899,-2.46878,4.05177,-5.26686,3.15798,0.00814373
car2,1.43333,0.033333,radar,,,,16.9392,-0.309677,-5.30878,8.1528,16.261,-3.9832,-5.68571,-0.0739372,-0.150407
car3,1.43333,0.033333,radar,,,,9.94212,3.01729,-2.3708,9.58349,-9.55757,0.437374,2.47805,-0.319112,-1.32742
car1,1.46667,0.033333,radar,,,,4.70561,2.10304,-2.36627,0.499306,-2.30603,4.05526,-5.21887,3.16006,0.0135268
car2,1.46667,0.033333,radar,,,,16.6046,-0.226704,-5.48311,0.313688,16.0843,-3.93852,-5.65419,-0.0906407,-0.162214
car3,1.46667,0.033333,radar,,,,9.70546,3.09865,-2.61925,1.22639,-9.47852,0.412361,2.5503,-0.356569,-1.31564
car1,1.5,0.033334,radar,,,,4.6311,2.06699,-2.8478,2.37965,-2.15161,4.03284,-5.19138,3.13742,-0.0248563
car2,1.5,0.033334,radar,,,,16.4234,-0.230292,-6.12398,2.68935,15.8987,-3.86112,-5.79328,-0.12786,-0.201785
car3,1.5,0.033334,radar,,,,9.61979,3.0933,-3.33372,8.22378,-9.38075,0.410333,2.78156,-0.355244,-1.24657
car1,1.53333,0.033333,radar,,,,4.56872,1.99348,-2.22275,1.07868,-1.95162,4.04949,-5.28178,3.14671,-0.0124036
car2,1.53333,0.033333,radar,,,,16.2489,-0.269953,-5.66969,0.946187,15.6939,-3.91395,-5.79824,-0.101501,-0.166035
car3,1.53333,0.033333,radar,,,,9.53832,3.05173,-2.95246,3.95115,-9.29197,0.454495,2.80709,-0.318857,-1.15175
car1,1.56667,0.033333,radar,,,,4.31771,2.00468,-2.39503,1.20763,-1.79571,4.0285,-5.22525,3.131,-0.0357514
car2,1.56667,0.033333,radar,,,,15.8798,-0.223525,-6.0243,1.35713,15.5074,-3.82349,-5.86866,-0.138965,-0.201951
car3,1.56667,0.033333,radar,,,,9.25992,3.09609,-3.37948,4.35797,-9.18643,0.427312,3.00272,-0.342438,-1.12497
car1,1.6,0.033334,radar,,,,4.12712,1.99844,-2.32047,2.96229,-1.65957,3.99556,-5.10243,3.11088,-0.0622038
car2,1.6,0.033334,radar,,,,15.565,-0.193189,-6.14365,3.693,15.3287,-3.66952,-5.93423,-0.198246,-0.257567
car3,1.6,0.033334,radar,,,,9.03326,3.12418,-3.57058,5.39854,-9.07168,0.368719,3.2293,-0.385055,-1.11613
car1,1.63333,0.033333,radar,,,,4.18669,1.88287,-1.40335,4.16367,-1.44547,4.01762,-5.21533,3.13065,-0.0273821
car2,1.63333,0.033333,radar,,,,15.4936,-0.270901,-5.43185,3.06439,15.1293,-3.69585,-5.81814,-0.183691,-0.235372
car3,1.63333,0.033333,radar,,,,9.04774,3.04404,-2.9298,3.55818,-8.97655,0.414655,3.13703,-0.350343,-1.03757
car1,1.66667,0.033333,radar,,,,4.05799,1.78754,-1.35615,7.73675,-1.19024,4.0387,-5.4779,3.14734,-0.0034333
car2,1.66667,0.033333,radar,,,,15.227,-0.327166,-5.60101,7.6,14.8882,-3.8667,-5.81157,-0.106651,-0.148651
car3,1.66667,0.033333,radar,,,,8.86457,2.98516,-3.1692,12.4399,-8.87327,0.547058,3.04558,-0.243658,-0.877478
car1,1.7,0.033334,radar,,,,3.99163,1.77567,-1.62461,2.89347,-0.981509,4.02656,-5.56311,3.13779,-0.0226231
car2,1.7,0.033334,radar,,,,15.0153,-0.298866,-6.09629,3.28267,14.6613,-3.92201,-5.93947,-0.0838365,-0.123767
car3,1.7,0.033334,radar,,,,8.73404,3.01065,-3.73386,9.94981,-8.75338,0.605185,3.1998,-0.201451,-0.798081
car1,1.73333,0.033333,radar,,,,3.62723,1.70239,-1.11499,6.01473,-0.740248,4.01509,-5.73284,3.13607,-0.0249678
car2,1.73333,0.033333,radar,,,,14.4979,-0.330997,-5.82309,6.8041,14.4104,-4.05279,-6.00031,-0.0279029,-0.0642143
car3,1.73333,0.033333,radar,,,,8.29545,2.97548,-3.52911,12.0288,-8.62795,0.711461,3.23311,-0.124504,-0.683391
car1,1.76667,0.033333,radar,,,,3.87813,1.6799,-0.977996,1.27674,-0.531158,4.00281,-5.7845,3.1292,-0.0363621
car2,1.76667,0.033333,radar,,,,14.5877,-0.311502,-5.93107,1.69631,14.1858,-4.10516,-6.06773,-0.00946004,-0.0461116
car3,1.76667,0.033333,radar,,,,8.46188,2.99172,-3.70451,6.68484,-8.50509,0.772976,3.33897,-0.0893763,-0.622886
car1,1.8,0.033334,radar,,,,4.15211,1.64579,-0.606389,0.312855,-0.333177,4.00317,-5.80623,3.12749,-0.0390717
car2,1.8,0.033334,radar,,,,14.6924,-0.302978,-5.81169,0.435906,13.978,-4.14299,-6.08388,0.00384731,-0.0320385
car3,1.8,0.033334,radar,,,,8.64088,2.99673,-3.65144,4.28204,-8.39106,0.827957,3.40496,-0.061528,-0.571407
car1,1.83333,0.033333,radar,,,,3.82478,1.54771,-0.263345,3.3255,-0.0935514,3.99159,-5.95756,3.12355,-0.0443588
car2,1.83333,0.033333,radar,,,,14.1872,-0.357934,-5.72661,4.52483,13.7335,-4.28184,-6.15078,0.0557119,0.0184774
car3,1.83333,0.033333,radar,,,,8.20787,2.93801,-3.63146,11.0389,-8.26485,0.955213,3.44816,0.0205928,-0.460459
car1,1.86667,0.033333,radar,,,,4.51388,1.57367,0.0049329,3.69623,0.0802333,4.00749,-5.88779,3.1262,-0.040962
car2,1.86667,0.033333,radar,,,,14.6899,-0.28859,-5.7204,2.96936,13.5544,-4.26665,-6.11677,0.0455317,0.00836825
car3,1.86667,0.033333,radar,,,,8.78049,3.00331,-3.689,4.75798,-8.15926,0.979057,3.51277,0.0169733,-0.451758
car1,1.9,0.033334,radar,,,,3.56437,1.51003,-0.191128,4.27401,0.255203,3.97575,-5.77192,3.11091,-0.0648105
car2,1.9,0.033334,radar,,,,13.5451,-0.308789,-6.18082,4.03807,13.3341,-4.23315,-6.22366,0.0248867,-0.0163287
car3,1.9,0.033334,radar,,,,7.70363,2.97877,-4.21172,7.79331,-8.00997,1.00645,3.73457,0.0165471,-0.44259
car1,1.93333,0.033333,radar,,,,4.07935,1.43308,0.535478,0.685043,0.468174,3.9699,-5.84874,3.10842,-0.0659755
car2,1.93333,0.033333,radar,,,,13.856,-0.34247,-5.71903,1.00734,13.1136,-4.30416,-6.23726,0.048789,0.00711301
car3,1.93333,0.033333,radar,,,,8.08038,2.94043,-3.81063,5.43895,-7.88065,1.10456,3.78507,0.0707395,-0.366846
car1,1.96667,0.033333,radar,,,,4.14162,1.44854,0.305085,3.49244,0.617439,3.96509,-5.65994,3.10243,-0.0768253
car2,1.96667,0.033333,radar,,,,13.7054,-0.284109,-6.21286,2.83675,12.9276,-4.21859,-6.26626,0.01001,-0.0332344
car3,1.96667,0.033333,radar,,,,7.99363,2.99379,-4.3634,3.9746,-7.74388,1.09696,3.96208,0.0390912,-0.396774
car1,2,0.033334,radar,,,,4.43591,1.42409,1.11335,4.86148,0.776375,3.98855,-5.586,3.11304,-0.0548785
car2,2,0.033334,radar,,,,13.7782,-0.266257,-5.66486,4.7701,12.7674,-4.1301,-6.11196,-0.0218566,-0.0592211
car3,2,0.033334,radar,,,,8.12824,3.00627,-3.8724,2.11393,-7.62667,1.09493,3.94396,0.0200236,-0.403646
car1,2.03333,0.033333,radar,,,,4.28008,1.32216,1.4975,1.49721,0.982629,3.99377,-5.69105,3.11686,-0.0436334
car2,2.03333,0.033333,radar,,,,13.3922,-0.326671,-5.53615,1.04959,12.5711,-4.14722,-6.04125,-0.0158306,-0.050469
car3,2.03333,0.033333,radar,,,,7.80227,2.9401,-3.79856,3.45059,-7.49718,1.17498,3.94763,0.0607154,-0.342863
car1,2.06667,0.033333,radar,,,,3.94484,1.27153,1.92848,2.58186,1.19611,3.98782,-5.82225,3.12018,-0.0296659
car2,2.06667,0.033333,radar,,,,12.8184,-0.336752,-5.35427,1.98561,12.3635,-4.17202,-5.96371,-0.00548714,-0.036705
car3,2.06667,0.033333,radar,,,,7.2867,2.92384,-3.6692,3.67856,-7.35642,1.26236,3.94369,0.106424,-0.277339
car1,2.1,0.033334,radar,,,,3.69431,1.19496,1.62919,4.69078,1.40599,3.95071,-5.84969,3.1074,-0.047405
car2,2.1,0.033334,radar,,,,12.3211,-0.373915,-5.89501,5.43575,12.1165,-4.2388,-6.10684,0.016546,-0.0171955
car3,2.1,0.033334,radar,,,,6.84594,2.88004,-4.25987,11.5822,-7.18649,1.36876,4.14476,0.156265,-0.216106
car1,2.13333,0.033333,radar,,,,4.12224,1.16414,1.95556,0.631135,1.611,3.93138,-5.87517,3.10073,-0.0555015
car2,2.13333,0.033333,radar,,,,12.4944,-0.366592,-5.80138,0.907228,11.8921,-4.28069,-6.17096,0.0286441,-0.00664207
car3,2.13333,0.033333,radar,,,,7.07412,2.88024,-4.2133,5.29959,-7.02815,1.45983,4.28898,0.190549,-0.17486
car1,2.16667,0.033333,radar,,,,4.30401,1.15657,1.94636,0.917114,1.78609,3.92457,-5.7712,3.09819,-0.0592171
car2,2.16667,0.033333,radar,,,,12.414,-0.337413,-6.03371,1.00196,11.691,-4.24656,-6.22285,0.011471,-0.0257154
car3,2.16667,0.033333,radar,,,,7.04704,2.90177,-4.48953,3.27669,-6.87222,1.49539,4.44301,0.180857,-0.187569
car1,2.2,0.033334,radar,,,,4.2383,1.14297,2.33332,1.73094,1.95177,3.92655,-5.68557,3.10312,-0.0470372
car2,2.2,0.033334,radar,,,,12.0788,-0.315754,-5.74903,1.72993,11.5041,-4.18024,-6.15506,-0.012121,-0.0457793
car3,2.2,0.033334,radar,,,,6.7638,2.91521,-4.24522,0.41975,-6.7187,1.51892,4.4888,0.170739,-0.193781
car1,2.23333,0.033333,radar,,,,4.53348,1.03671,2.44546,1.22731,2.15892,3.90623,-5.72715,3.09386,-0.0608535
car2,2.23333,0.033333,radar,,,,12.1013,-0.388034,-5.73172,1.12587,11.2804,-4.2385,-6.19276,0.00719334,-0.0263744
car3,2.23333,0.033333,radar,,,,6.83689,2.8341,-4.26439,5.64798,-6.55263,1.63508,4.62498,0.218138,-0.136896
car1,2.26667,0.033333,radar,,,,4.35814,1.05549,3.02023,2.09326,2.34208,3.90678,-5.7566,3.10055,-0.0426325
car2,2.26667,0.033333,radar,,,,11.6502,-0.336549,-5.24451,3.47128,11.0945,-4.20385,-6.03003,-0.00154593,-0.0282625
car3,2.26667,0.033333,radar,,,,6.43527,2.8761,-3.80932,1.16993,-6.39945,1.69142,4.58247,0.232767,-0.111605
car1,2.3,0.033334,radar,,,,4.28641,0.953245,2.61215,3.94325,2.5403,3.86635,-5.72784,3.08543,-0.0654344
car2,2.3,0.033334,radar,,,,11.2999,-0.407347,-5.73308,3.07236,10.8548,-4.2621,-6.12942,0.0175534,-0.0105744
car3,2.3,0.033334,radar,,,,6.13347,2.79509,-4.32522,7.72418,-6.21284,1.80157,4.78023,0.268406,-0.0732133
car1,2.33333,0.033333,radar,,,,4.70948,0.958972,2.55598,1.9782,2.71248,3.85177,-5.59385,3.07941,-0.0756485
car2,2.33333,0.033333,radar,,,,11.4419,-0.371415,-5.86291,0.509835,10.653,-4.24135,-6.16881,0.00694041,-0.0225515
car3,2.33333,0.033333,radar,,,,6.32309,2.82004,-4.47703,2.37267,-6.04425,1.85331,4.9075,0.263176,-0.0834583
car1,2.36667,0.033333,radar,,,,5.0556,0.929148,2.64487,2.31729,2.88609,3.84462,-5.47969,3.07469,-0.0840549
car2,2.36667,0.033333,radar,,,,11.5046,-0.372254,-5.84107,0.937816,10.461,-4.21914,-6.17997,-0.00364369,-0.0334509
car3,2.36667,0.033333,radar,,,,6.43278,2.80738,-4.47118,2.32015,-5.8807,1.90954,5.01233,0.261164,-0.0885415
car1,2.4,0.033334,radar,,,,5.01877,0.900474,2.59152,2.58691,3.05076,3.83251,-5.33481,3.06866,-0.0939696
car2,2.4,0.033334,radar,,,,11.1822,-0.373142,-5.95509,0.852922,10.2651,-4.18597,-6.21128,-0.0177298,-0.0479716
car3,2.4,0.033334,radar,,,,6.15696,2.79376,-4.59455,2.12613,-5.70912,1.9583,5.12909,0.253887,-0.0997781
car1,2.43333,0.033333,radar,,,,5.47455,0.835107,3.1198,3.53028,3.25431,3.81469,-5.39821,3.05814,-0.107846
car2,2.43333,0.033333,radar,,,,11.3505,-0.411897,-5.48136,3.09854,10.0659,-4.22215,-6.1569,-0.00517332,-0.0325106
car3,2.43333,0.033333,radar,,,,6.37163,2.7413,-4.12274,5.03828,-5.53961,2.06882,5.2107,0.285709,-0.0619033
car1,2.46667,0.033333,radar,,,,5.21921,0.901581,2.96287,4.8392,3.3934,3.83278,-5.23061,3.06895,-0.0883759
car2,2.46667,0.033333,radar,,,,10.806,-0.319959,-5.68695,6.75356,9.91913,-4.09066,-6.02818,-0.0512331,-0.0753275
car3,2.46667,0.033333,radar,,,,5.87353,2.81846,-4.32196,2.80407,-5.39398,2.05519,5.13281,0.249062,-0.101997
car1,2.5,0.033334,radar,,,,5.6945,0.821563,3.07023,2.75332,3.56949,3.83096,-5.18828,3.06595,-0.091985
car2,2.5,0.033334,radar,,,,10.9907,-0.375639,-5.62257,2.61286,9.74813,-4.05215,-5.9735,-0.0644534,-0.085672
car3,2.5,0.033334,radar,,,,6.1049,2.74687,-4.24197,2.66159,-5.23512,2.11382,5.17266,0.251463,-0.0979764
car1,2.53333,0.033333,radar,,,,5.16658,0.812329,2.84289,2.54754,3.71457,3.81871,-5.02737,3.0633,-0.0941217
car2,2.53333,0.033333,radar,,,,10.1708,-0.361634,-5.88744,2.3306,9.56248,-3.97787,-5.99388,-0.0888902,-0.107955
car3,2.53333,0.033333,radar,,,,5.33239,2.74372,-4.48091,1.48496,-5.05862,2.13892,5.23834,0.234934,-0.11701
car1,2.56667,0.033333,radar,,,,5.40044,0.726402,2.94466,3.47915,3.8938,3.77597,-4.99453,3.04431,-0.120186
car2,2.56667,0.033333,radar,,,,10.1115,-0.425399,-5.81793,0.739145,9.34226,-3.9962,-6.06315,-0.0798799,-0.0962789
car3,2.56667,0.033333,radar,,,,5.32153,2.66146,-4.37398,3.76732,-4.8566,2.2334,5.41735,0.253294,-0.0959119
car1,2.6,0.033334,radar,,,,5.4183,0.714801,2.6409,5.01083,4.05219,3.73492,-4.85195,3.02619,-0.145438
car2,2.6,0.033334,radar,,,,9.8352,-0.415894,-6.14887,1.64009,9.12441,-3.97971,-6.18544,-0.084517,-0.100688
car3,2.6,0.033334,radar,,,,5.09512,2.65104,-4.65471,3.94062,-4.65347,2.29432,5.59355,0.249419,-0.104864
car1,2.63333,0.033333,radar,,,,5.55538,0.723789,3.6766,1.83212,4.22425,3.71762,-4.97094,3.02493,-0.136769
car2,2.63333,0.033333,radar,,,,9.67734,-0.386833,-5.13545,5.05146,8.95103,-3.92992,-5.96347,-0.0959706,-0.103141
car3,2.63333,0.033333,radar,,,,4.989,2.65864,-3.57685,2.91582,-4.47786,2.36169,5.50562,0.264456,-0.0749936
car1,2.66667,0.033333,radar,,,,5.72294,0.700816,3.18573,0.339907,4.38213,3.6967,-4.91571,3.01894,-0.140234
car2,2.66667,0.033333,radar,,,,9.54931,-0.390751,-5.64383,0.823324,8.77151,-3.86915,-5.92611,-0.11431,-0.118011
car3,2.66667,0.033333,radar,,,,4.91508,2.63161,-4.00505,0.0476562,-4.29994,2.40604,5.51494,0.259335,-0.0790542
car1,2.7,0.033334,radar,,,,5.83556,0.633203,3.49628,2.20051,4.56885,3.64912,-4.99893,3.00133,-0.15808
car2,2.7,0.033334,radar,,,,9.36584,-0.440307,-5.34615,1.0519,8.56936,-3.87473,-5.86921,-0.107105,-0.104996
car3,2.7,0.033334,radar,,,,4.78864,2.55719,-3.60979,2.38297,-4.09955,2.50188,5.59478,0.280725,-0.0488066
car1,2.73333,0.033333,radar,,,,6.25097,0.598004,3.419,3.95798,4.76417,3.59732,-5.05668,2.97931,-0.1832
car2,2.73333,0.033333,radar,,,,9.4848,-0.458434,-5.43178,1.54892,8.36825,-3.89541,-5.86266,-0.0954989,-0.0889739
car3,2.73333,0.033333,radar,,,,4.96816,2.51235,-3.57874,3.26171,-3.90035,2.60285,5.71182,0.299731,-0.0257517
car1,2.76667,0.033333,radar,,,,6.07823,0.612033,4.01031,2.09602,4.94967,3.56325,-5.19947,2.97308,-0.179713
car2,2.76667,0.033333,radar,,,,9.01543,-0.428307,-4.84438,3.79594,8.19419,-3.87175,-5.67591,-0.0970926,-0.082276
car3,2.76667,0.033333,radar,,,,4.56354,2.51382,-2.85378,3.01016,-3.71717,2.68964,5.67775,0.321106,0.010691
car1,2.8,0.033334,radar,,,,5.78573,0.578486,3.85956,2.92583,5.12441,3.5104,-5.25844,2.96034,-0.186753
car2,2.8,0.033334,radar,,,,8.42624,-0.44672,-4.99468,3.23176,7.99975,-3.85142,-5.59949,-0.0978452,-0.0774596
car3,2.8,0.033334,radar,,,,4.04402,2.46473,-2.8439,3.05278,-3.51758,2.76552,5.70238,0.333142,0.0306207
car1,2.83333,0.033333,radar,,,,6.70877,0.549929,4.14969,3.49026,5.33024,3.46661,-5.40644,2.94816,-0.192927
car2,2.83333,0.033333,radar,,,,9.05269,-0.4611,-4.69977,3.5622,7.83163,-3.85445,-5.45782,-0.0911266,-0.0641606
car3,2.83333,0.033333,radar,,,,4.74582,2.4176,-2.36454,3.97575,-3.33555,2.87146,5.73047,0.358537,0.0674912
car1,2.86667,0.033333,radar,,,,6.46997,0.480527,2.85991,15.654,5.5102,3.37232,-5.2143,2.9067,-0.249373
car2,2.86667,0.033333,radar,,,,8.51754,-0.517278,-5.98048,9.37429,7.59959,-3.88318,-5.75742,-0.0794974,-0.0567003
car3,2.86667,0.033333,radar,,,,4.29253,2.32656,-3.43506,11.7938,-3.1173,2.9371,5.91769,0.342312,0.0250859
car1,2.9,0.033334,radar,,,,6.26762,0.441064,3.76378,8.87758,5.70843,3.2638,-5.32103,2.86948,-0.287516
car2,2.9,0.033334,radar,,,,8.0192,-0.544469,-5.06325,5.35147,7.36161,-3.94586,-5.79139,-0.0483167,-0.0198187
car3,2.9,0.033334,radar,,,,3.88345,2.26242,-2.28073,7.0171,-2.87117,3.04917,6.1363,0.359476,0.0456053
car1,2.93333,0.033333,radar,,,,6.61975,0.460895,3.63284,1.76743,5.8892,3.18452,-5.33106,2.8453,-0.308112
car2,2.93333,0.033333,radar,,,,8.07588,-0.513319,-5.17652,0.23333,7.15912,-3.94873,-5.80493,-0.0437307,-0.0140682
car3,2.93333,0.033333,radar,,,,4.03769,2.25459,-2.12931,0.679088,-2.66143,3.13,6.2032,0.362013,0.0449197
car1,2.96667,0.033333,radar,,,,7.08604,0.428444,3.22679,5.75569,6.07202,3.09578,-5.26019,2.81289,-0.342731
car2,2.96667,0.033333,radar,,,,8.24738,-0.53541,-5.56057,2.44222,6.95546,-3.95384,-5.91978,-0.0430209,-0.0175884
car3,2.96667,0.033333,radar,,,,4.31596,2.1916,-2.22096,3.96463,-2.4539,3.20509,6.27418,0.35411,0.0211963
car1,3,0.033334,radar,,,,7.06629,0.425885,3.56363,1.04932,6.24884,3.01819,-5.26765,2.79093,-0.357866
car2,3,0.033334,radar,,,,7.93364,-0.528574,-5.1973,0.127812,6.76169,-3.94843,-5.91165,-0.0425677,-0.0162811
car3,3,0.033334,radar,,,,4.11913,2.15581,-1.53825,0.507156,-2.24824,3.28779,6.32354,0.356494,0.0215737
car1,3.03333,0.033333,radar,,,,6.80851,0.393798,3.34548,3.10083,6.41155,2.92191,-5.22086,2.76213,-0.382517
car2,3.03333,0.033333,radar,,,,7.38284,-0.552243,-5.38454,1.25171,6.54746,-3.94173,-5.98092,-0.0431418,-0.0183364
car3,3.03333,0.033333,radar,,,,3.69624,2.08802,-1.38054,1.83537,-2.02689,3.35699,6.3845,0.350961,0.00902366
car1,3.06667,0.033333,radar,,,,7.44627,0.377377,3.38922,2.40416,6.58709,2.83221,-5.21231,2.73565,-0.402755
car2,3.06667,0.033333,radar,,,,7.72868,-0.561236,-5.30527,0.867547,6.35019,-3.94146,-6.00889,-0.042219,-0.0181733
car3,3.06667,0.033333,radar,,,,4.18179,2.03376,-0.933348,1.64997,-1.81454,3.44253,6.45052,0.351276,0.00478818
car1,3.1,0.033334,radar,,,,7.52734,0.308341,3.74943,7.04069,6.786,2.69964,-5.36424,2.69636,-0.434671
car2,3.1,0.033334,radar,,,,7.5191,-0.623852,-4.90477,3.78643,6.12211,-4.004,-6.03941,-0.0127527,0.0166803
car3,3.1,0.033334,radar,,,,4.12445,1.9251,-0.145441,6.45383,-1.55702,3.55415,6.69752,0.359691,0.0164824
car1,3.13333,0.033333,radar,,,,8.08327,0.352862,3.79002,4.82512,6.97294,2.62188,-5.43087,2.68106,-0.435031
car2,3.13333,0.033333,radar,,,,7.7858,-0.573938,-4.81898,5.10136,5.9533,-4.00111,-5.94949,-0.0127232,0.0183498
car3,3.13333,0.033333,radar,,,,4.55649,1.92867,0.342843,5.67638,-1.35396,3.66407,6.75779,0.371802,0.034367
car1,3.16667,0.033333,radar,,,,7.25382,0.331882,3.50805,1.52945,7.12273,2.52739,-5.38311,2.66026,-0.444734
car2,3.16667,0.033333,radar,,,,6.66872,-0.590578,-5.05062,1.60544,5.75655,-3.9712,-5.95126,-0.0232208,0.00520471
car3,3.16667,0.033333,radar,,,,3.61824,1.86587,0.523626,0.963747,-1.13908,3.73771,6.75592,0.371255,0.0337018
car1,3.2,0.033334,radar,,,,7.71971,0.315373,4.01333,1.09857,7.29365,2.43747,-5.48199,2.6468,-0.439571
car2,3.2,0.033334,radar,,,,6.84875,-0.603826,-4.48967,1.75215,5.57426,-3.96518,-5.83275,-0.0201966,0.0136521
car3,3.2,0.033334,radar,,,,3.99086,1.80718,0.555527,1.12243,-0.936415,3.80841,6.68907,0.365446,0.0176915
car1,3.23333,0.033333,radar,,,,7.22118,0.278351,3.5541,4.8121,7.43822,2.31955,-5.4497,2.61979,-0.456496
car2,3.23333,0.033333,radar,,,,6.0663,-0.638696,-4.88762,4.19348,5.35946,-3.94966,-5.87988,-0.0231697,0.0091005
car3,3.23333,0.033333,radar,,,,3.38332,1.72766,-0.376253,26.344,-0.739288,3.8159,6.39342,0.330653,-0.0560822
car1,3.26667,0.033333,radar,,,,7.91559,0.234959,3.75448,2.49144,7.61102,2.18131,-5.53397,2.5874,-0.477158
car2,3.26667,0.033333,radar,,,,6.47893,-0.68108,-4.62005,0.852392,5.14355,-3.97525,-5.91425,-0.00937993,0.0252877
car3,3.26667,0.033333,radar,,,,3.95299,1.64147,-0.645816,37.3352,-0.5322,3.82517,6.15252,0.288579,-0.14664
car1,3.3,0.033334,radar,,,,8.13927,0.174188,3.96817,8.11619,7.80076,2.00165,-5.72437,2.54376,-0.508499
car2,3.3,0.033334,radar,,,,6.42318,-0.742025,-4.50949,3.98968,4.90145,-4.03767,-6.02762,0.0188542,0.0565607
car3,3.3,0.033334,radar,,,,4.03626,1.53762,-0.145324,32.4055,-0.281007,3.84149,6.14058,0.245238,-0.230465
car1,3.33333,0.033333,radar,,,,8.31541,0.251271,4.20858,2.05394,7.96753,1.91377,-5.80277,2.53972,-0.487665
car2,3.33333,0.033333,radar,,,,6.31664,-0.666934,-4.35754,2.01432,4.73568,-4.01261,-5.91378,0.00957059,0.0464582
car3,3.33333,0.033333,radar,,,,4.08186,1.56988,0.407402,8.85897,-0.0882724,3.86934,6.00614,0.22075,-0.271346
car1,3.36667,0.033333,radar,,,,8.11457,0.173947,4.71262,8.41538,8.15116,1.76214,-6.06249,2.5194,-0.482666
car2,3.36667,0.033333,radar,,,,5.83038,-0.748124,-3.92699,2.74232,4.51681,-4.04589,-5.89609,0.0296242,0.073934
car3,3.36667,0.033333,radar,,,,3.76113,1.44648,1.24366,9.27119,0.171768,3.89127,6.16556,0.192301,-0.306277
car1,3.4,0.033334,radar,,,,8.55369,0.1924,3.96987,0.16672,8.31472,1.63997,-6.04494,2.50087,-0.48693
car2,3.4,0.033334,radar,,,,5.98183,-0.735459,-4.72799,2.98744,4.33517,-4.01716,-5.93693,0.010922,0.0411391
car3,3.4,0.033334,radar,,,,4.09155,1.41811,0.846985,10.3808,0.392463,3.90369,6.09905,0.160106,-0.354713
car1,3.43333,0.033333,radar,,,,9.03795,0.163496,4.48726,3.63862,8.50275,1.50742,-6.1829,2.48627,-0.479946
car2,3.43333,0.033333,radar,,,,6.17669,-0.772122,-4.2533,1.82922,4.14624,-4.02727,-5.94267,0.0129526,0.0401916
car3,3.43333,0.033333,radar,,,,4.4787,1.34217,1.71819,8.59395,0.646138,3.93365,6.25772,0.134688,-0.382025
car1,3.46667,0.033333,radar,,,,8.88857,0.159809,4.37914,0.499987,8.67365,1.3836,-6.23322,2.47399,-0.47299
car2,3.46667,0.033333,radar,,,,5.73669,-0.785587,-4.38831,0.947845,3.9578,-4.01413,-5.96147,0.00393384,0.0235167
car3,3.46667,0.033333,radar,,,,4.24391,1.29172,1.96576,4.68234,0.896076,3.94928,6.37324,0.108713,-0.406684
car1,3.5,0.033334,radar,,,,8.82587,0.133359,4.52441,0.932284,8.84154,1.24599,-6.31379,2.45944,-0.467866
car2,3.5,0.033334,radar,,,,5.38272,-0.823879,-4.25381,0.551221,3.7516,-4.009,-6.0077,0.000475784,0.0153919
car3,3.5,0.033334,radar,,,,4.10751,1.2192,2.46334,5.96523,1.16433,3.95377,6.56343,0.0819099,-0.427027
car1,3.53333,0.033333,radar,,,,9.28721,0.156662,4.99352,5.66254,9.0238,1.15106,-6.43311,2.46546,-0.433719
car2,3.53333,0.033333,radar,,,,5.55262,-0.814522,-3.77907,1.63581,3.58109,-3.99997,-5.90011,-0.00180876,0.0154606
car3,3.53333,0.033333,radar,,,,4.50666,1.19754,3.27689,6.29962,1.4292,3.98226,6.81842,0.0702063,-0.416758
car1,3.56667,0.033333,radar,,,,9.40186,0.102773,4.74042,0.890903,9.20305,1.00782,-6.51528,2.45189,-0.429559
car2,3.56667,0.033333,radar,,,,5.37627,-0.884505,-4.00981,0.830249,3.37453,-4.00607,-5.96703,-0.00152675,0.0112339
car3,3.56667,0.033333,radar,,,,4.57031,1.10008,3.35682,7.31346,1.71835,3.98625,7.06462,0.0456565,-0.431696
car1,3.6,0.033334,radar,,,,9.65052,0.117859,5.41439,7.5134,9.39753,0.89774,-6.69352,2.45766,-0.3954
car2,3.6,0.033334,radar,,,,5.3349,-0.887694,-3.29644,2.10631,3.19027,-4.01836,-5.88286,0.00747717,0.0281938
car3,3.6,0.033334,radar,,,,4.77874,1.07322,4.34983,11.7991,2.01404,4.00837,7.41845,0.035719,-0.414962
car1,3.63333,0.033333,radar,,,,9.29781,0.0306831,5.37494,6.40936,9.58074,0.698533,-6.91355,2.43379,-0.400673
car2,3.63333,0.033333,radar,,,,4.69372,-0.995359,-3.27914,5.02509,2.93388,-4.05459,-6.03714,0.027012,0.0530884
car3,3.63333,0.033333,radar,,,,4.39609,0.945907,4.61373,17.5324,2.34921,3.97976,7.80789,0.00629766,-0.431159
car1,3.66667,0.033333,radar,,,,9.80978,0.113402,5.54771,6.52183,9.7685,0.616205,-6.97284,2.44921,-0.358666
car2,3.66667,0.033333,radar,,,,4.91934,-0.935367,-3.03198,2.06402,2.76678,-4.04705,-5.91082,0.0254592,0.0537511
car3,3.66667,0.033333,radar,,,,4.88784,0.990381,5.07329,6.17913,2.63578,3.99617,8.03193,0.00178433,-0.406674
car1,3.7,0.033334,radar,,,,9.82262,0.0472104,5.28677,0.536675,9.94726,0.466401,-7.01827,2.43927,-0.353866
car2,3.7,0.033334,radar,,,,4.64857,-1.02654,-3.20062,0.950308,2.55138,-4.05121,-5.98004,0.0252923,0.0477673
car3,3.7,0.033334,radar,,,,4.88966,0.887882,5.08236,4.30097,2.94621,3.97446,8.22864,-0.0202004,-0.415891
car1,3.73333,0.033333,radar,,,,9.66009,0.100713,4.8702,7.70659,10.0993,0.399495,-6.82335,2.44873,-0.331852
car2,3.73333,0.033333,radar,,,,4.20576,-1.00028,-3.5068,7.53356,2.38805,-3.99954,-5.88792,-0.00260544,0.00198104
car3,3.73333,0.033333,radar,,,,4.72474,0.907013,4.9193,1.91576,3.20207,3.96572,8.1732,-0.0303891,-0.408775
car1,3.76667,0.033333,radar,,,,10.282,-0.00619219,5.40202,1.75674,10.2826,0.212611,-6.95491,2.42917,-0.338485
car2,3.76667,0.033333,radar,,,,4.55133,-1.13667,-2.8464,4.01957,2.13554,-4.02454,-6.07725,0.00786232,0.0123826
car3,3.76667,0.033333,radar,,,,5.35237,0.767633,5.68883,9.00673,3.538,3.92038,8.45077,-0.0596848,-0.42909
car1,3.8,0.033334,radar,,,,11.1198,0.074262,5.21404,9.29558,10.4792,0.146337,-6.87247,2.44434,-0.3074
car2,3.8,0.033334,radar,,,,5.11728,-1.08793,-2.88762,6.43829,1.97788,-4.02069,-5.98274,-0.00192285,-0.00729819
car3,3.8,0.033334,radar,,,,6.20343,0.817441,5.72369,6.92658,3.83038,3.93412,8.52314,-0.0658592,-0.415924
car1,3.83333,0.033333,radar,,,,10.1108,0.0372569,5.69943,6.69529,10.6497,0.0407492,-6.92914,2.4503,-0.282752
car2,3.83333,0.033333,radar,,,,3.84167,-1.15883,-2.23746,3.69484,1.76355,-4.01286,-5.9918,0.000397796,0.00125645
car3,3.83333,0.033333,radar,,,,5.21491,0.751536,6.41813,7.08685,4.12897,3.90509,8.7098,-0.0762388,-0.401782
car1,3.86667,0.033333,radar,,,,10.4062,0.0430513,5.33658,4.67035,10.8147,-0.0404303,-6.84011,2.45914,-0.26087
car2,3.86667,0.033333,radar,,,,3.87617,-1.18904,-2.41791,2.56299,1.57022,-3.98889,-5.96115,-0.0101952,-0.0152666
car3,3.86667,0.033333,radar,,,,5.53744,0.730079,6.25171,1.94741,4.41255,3.88182,8.74894,-0.0852592,-0.391391
car1,3.9,0.033334,radar,,,,10.8197,0.0107914,5.5323,1.42277,10.9915,-0.151923,-6.848,2.46137,-0.245921
car2,3.9,0.033334,radar,,,,4.03505,-1.25933,-2.02274,0.711079,1.35299,-3.98465,-6.01716,-0.0109627,-0.016354
car3,3.9,0.033334,radar,,,,5.98431,0.672112,6.63244,1.96924,4.72063,3.84711,8.88399,-0.0990283,-0.388067
car1,3.93333,0.033333,radar,,,,11.3901,-0.0178864,5.53368,0.722685,11.1793,-0.286108,-6.87716,2.45779,-0.239345
car2,3.93333,0.033333,radar,,,,4.35774,-1.32794,-1.80573,1.93015,1.12414,-3.99239,-6.12633,-0.00986188,-0.01822
car3,3.93333,0.033333,radar,,,,6.59403,0.619166,6.80855,2.9959,5.04877,3.80289,9.04114,-0.117812,-0.394291
car1,3.96667,0.033333,radar,,,,11.358,0.0266943,5.90884,5.90246,11.3726,-0.351437,-6.90712,2.4767,-0.203148
car2,3.96667,0.033333,radar,,,,4.08525,-1.32504,-1.1999,0.890931,0.93009,-3.99631,-6.08888,-0.00477852,-0.005169
car3,3.96667,0.033333,radar,,,,6.60679,0.640812,7.34927,4.92268,5.35446,3.7923,9.19233,-0.118409,-0.368181
car1,4,0.033334,radar,,,,11.4598,0.0205289,5.76316,4.3771,11.5598,-0.413307,-6.86757,2.49395,-0.173116
car2,4,0.033334,radar,,,,3.95467,-1.37446,-1.08166,0.384485,0.738546,-3.99224,-6.04568,-0.00496808,-0.00325204
car3,4,0.033334,radar,,,,6.75889,0.612943,7.36102,2.31387,5.65577,3.77751,9.26992,-0.120184,-0.347862
car1,4.03333,0.033333,radar,,,,11.3194,-0.0179191,5.19511,4.37269,11.7188,-0.508822,-6.69767,2.49536,-0.16812
car2,4.03333,0.033333,radar,,,,3.5906,-1.45672,-1.3881,5.21147,0.532896,-3.9596,-6.03416,-0.0222294,-0.0358289
car3,4.03333,0.033333,radar,,,,6.67378,0.553925,6.94323,1.7328,5.95031,3.72614,9.21239,-0.134594,-0.353245
car1,4.06667,0.033333,radar,,,,12.181,-0.0406378,5.78573,1.448,11.913,-0.62883,-6.75615,2.49664,-0.158209
car2,4.06667,0.033333,radar,,,,4.2372,-1.52356,-0.540458,1.9905,0.30211,-3.96566,-6.14779,-0.0202206,-0.0329197
car3,4.06667,0.033333,radar,,,,7.59548,0.511675,7.6778,3.65816,6.28705,3.6747,9.38759,-0.149257,-0.353569
car1,4.1,0.033334,radar,,,,12.2122,0.0155787,5.57062,6.23449,12.1034,-0.658925,-6.64515,2.52049,-0.124736
car2,4.1,0.033334,radar,,,,4.06198,-1.51152,-0.505294,1.52267,0.131324,-3.96022,-6.02525,-0.0246331,-0.0400946
car3,4.1,0.033334,radar,,,,7.69153,0.549314,7.60112,2.7551,6.58409,3.6703,9.39009,-0.14636,-0.329765
car1,4.13333,0.033333,radar,,,,12.345,-0.00619437,5.76554,3.52069,12.2951,-0.712788,-6.6156,2.5385,-0.0978431
car2,4.13333,0.033333,radar,,,,3.9965,-1.57728,-0.0688147,0.127928,-0.0602837,-3.95702,-5.99423,-0.0255266,-0.0394163
car3,4.13333,0.033333,radar,,,,7.89355,0.509836,7.92966,2.14729,6.89518,3.64987,9.47087,-0.147453,-0.311464
car1,4.16667,0.033333,radar,,,,12.4193,0.0498325,5.65057,13.6346,12.4882,-0.681048,-6.46999,2.57855,-0.0475616
car2,4.16667,0.033333,radar,,,,3.88052,-1.56482,0.0473766,4.81027,-0.201442,-3.95449,-5.78148,-0.0256619,-0.0363785
car3,4.16667,0.033333,radar,,,,8.04149,0.548954,7.94412,7.63347,7.17405,3.68158,9.43148,-0.131391,-0.270067
car1,4.2,0.033334,radar,,,,12.8565,-0.000929329,5.73675,4.11168,12.6856,-0.71391,-6.42408,2.60071,-0.0198456
car2,4.2,0.033334,radar,,,,4.13501,-1.65852,0.35291,0.453796,-0.383336,-3.95491,-5.74386,-0.0262428,-0.0367643
car3,4.2,0.033334,radar,,,,8.55654,0.482012,8.15613,2.34392,7.48799,3.67152,9.49617,-0.130096,-0.252416
car1,4.23333,0.033333,radar,,,,12.8738,-0.0136956,6.04661,3.56437,12.8836,-0.763621,-6.47056,2.61909,0.00408804
car2,4.23333,0.033333,radar,,,,3.97663,-1.71344,0.869201,0.367193,-0.57966,-3.95445,-5.77658,-0.0235385,-0.0279761
car3,4.23333,0.033333,radar,,,,8.65569,0.45373,8.58869,3.49479,7.81178,3.65013,9.64465,-0.130067,-0.235106
car1,4.26667,0.033333,radar,,,,13.0066,0.00631983,5.90559,5.50255,13.08,-0.775127,-6.42391,2.64661,0.0362805
car2,4.26667,0.033333,radar,,,,3.94047,-1.73461,0.920936,0.85905,-0.750039,-3.9527,-5.69665,-0.0222875,-0.0235297
car3,4.26667,0.033333,radar,,,,8.87437,0.458837,8.56771,2.85801,8.12163,3.65006,9.69876,-0.1236,-0.211245
car1,4.3,0.033334,radar,,,,13.6185,0.0615754,6.22108,18.5445,13.3065,-0.709639,-6.41791,2.69758,0.0947532
car2,4.3,0.033334,radar,,,,4.38968,-1.71947,1.41501,8.4318,-0.891373,-3.98537,-5.56401,-0.00598814,0.0070473
car3,4.3,0.033334,radar,,,,9.57611,0.499738,9.00094,14.1194,8.42981,3.71613,9.78306,-0.098491,-0.160059
car1,4.33333,0.033333,radar,,,,12.8046,-0.00458056,5.80707,8.68796,13.4801,-0.728423,-6.31258,2.7193,0.11648
car2,4.33333,0.033333,radar,,,,3.41882,-1.82456,1.16524,5.95641,-1.05785,-3.95933,-5.46564,-0.0120545,-0.00106026
car3,4.33333,0.033333,radar,,,,8.85589,0.419734,8.70274,5.08278,8.72982,3.69759,9.77617,-0.0968629,-0.148616
car1,4.36667,0.033333,radar,,,,13.8403,0.0252018,5.90629,7.37923,13.6888,-0.698031,-6.24492,2.75642,0.154021
car2,4.36667,0.033333,radar,,,,4.30271,-1.83247,1.41442,2.02113,-1.20838,-3.97123,-5.34521,-0.00706509,0.00560237
car3,4.36667,0.033333,radar,,,,9.98895,0.436129,8.91613,3.72889,9.04588,3.72525,9.80428,-0.0847695,-0.122584
car1,4.4,0.033334,radar,,,,13.8138,0.0012254,5.17019,7.62704,13.8689,-0.681428,-5.98061,2.78574,0.17947
car2,4.4,0.033334,radar,,,,4.12927,-1.89283,0.879805,6.57666,-1.34781,-3.95649,-5.10932,-0.0169563,-0.0181071
car3,4.4,0.033334,radar,,,,10.0636,0.399188,8.35839,1.84438,9.34982,3.72211,9.66798,-0.0829348,-0.117019
car1,4.43333,0.033333,radar,,,,14.2535,0.0198394,5.15946,8.06958,14.0586,-0.635769,-5.76948,2.82335,0.213591
car2,4.43333,0.033333,radar,,,,4.42855,-1.90901,1.05481,5.35968,-1.4786,-3.95699,-4.89146,-0.0208519,-0.0304363
car3,4.43333,0.033333,radar,,,,10.6104,0.405493,8.52272,2.57374,9.65641,3.7444,9.58682,-0.0745101,-0.10112
car1,4.46667,0.033333,radar,,,,14.2463,-0.00802474,5.41823,1.82512,14.2428,-0.636231,-5.69957,2.84722,0.232096
car2,4.46667,0.033333,radar,,,,4.28699,-1.97007,1.48421,0.839386,-1.63534,-3.94715,-4.83093,-0.0265879,-0.0407831
car3,4.46667,0.033333,radar,,,,10.7161,0.36593,8.95354,0.68568,9.98036,3.73185,9.65292,-0.0742069,-0.0943865
car1,4.5,0.033334,radar,,,,14.1888,0.00298682,5.30902,3.63722,14.4174,-0.618519,-5.59976,2.87519,0.254613
car2,4.5,0.033334,radar,,,,4.10055,-1.99067,1.53128,1.66274,-1.77758,-3.9332,-4.7236,-0.031774,-0.0485187
car3,4.5,0.033334,radar,,,,10.7772,0.365814,8.95152,0.932071,10.2916,3.73014,9.67087,-0.0703618,-0.0836536
car1,4.53333,0.033333,radar,,,,14.5628,0.055457,5.35192,10.4067,14.6057,-0.52771,-5.51264,2.92422,0.29907
car2,4.53333,0.033333,radar,,,,4.35064,-1.96827,1.71691,3.71114,-1.89138,-3.94561,-4.55737,-0.0240562,-0.034622
car3,4.53333,0.033333,radar,,,,11.2732,0.407758,9.09838,5.51029,10.5904,3.79617,9.66821,-0.0490807,-0.04933
car1,4.56667,0.033333,radar,,,,15.2795,0.0335494,5.95282,9.84822,14.8223,-0.477928,-5.64381,2.96109,0.327494
car2,4.56667,0.033333,radar,,,,4.94798,-2.01874,2.44781,5.51278,-2.04718,-3.97368,-4.63655,-0.0116877,-0.0119528
car3,4.56667,0.033333,radar,,,,12.1153,0.37588,9.80031,10.7185,10.9343,3.84144,9.87971,-0.0343323,-0.0225636
car1,4.6,0.033334,radar,,,,15.6205,0.0108718,5.38234,6.28425,15.0276,-0.439966,-5.58092,2.99361,0.349857
car2,4.6,0.033334,radar,,,,5.17379,-2.06852,1.99546,4.78953,-2.19842,-3.99057,-4.58652,-0.00997909,-0.0135376
car3,4.6,0.033334,radar,,,,12.5851,0.343749,9.32824,5.37192,11.2796,3.85939,9.91055,-0.0290774,-0.0143405
car1,4.63333,0.033333,radar,,,,15.4712,0.018342,5.12035,4.51593,15.2149,-0.388289,-5.44835,3.02901,0.375162
car2,4.63333,0.033333,radar,,,,4.9132,-2.08673,1.84053,2.89394,-2.3309,-3.99784,-4.44828,-0.0104219,-0.0182818
car3,4.63333,0.033333,radar,,,,12.5679,0.342242,9.16228,1.88229,11.6067,3.88239,9.86039,-0.0223518,-0.00573671
car1,4.66667,0.033333,radar,,,,15.0727,-0.00221734,5.44254,1.77339,15.3871,-0.378086,-5.43818,3.05019,0.384934
car2,4.66667,0.033333,radar,,,,4.40674,-2.13162,2.25953,0.983397,-2.47627,-3.98518,-4.437,-0.0138635,-0.0215391
car3,4.66667,0.033333,radar,,,,12.3045,0.313151,9.57835,1.29509,11.9355,3.87136,9.93145,-0.0222905,-0.00376127
car1,4.7,0.033334,radar,,,,15.7934,-0.0278501,5.13394,1.23861,15.5675,-0.389192,-5.36108,3.06475,0.386702
car2,4.7,0.033334,radar,,,,5.02258,-2.18028,2.03826,2.60382,-2.63126,-3.97519,-4.39125,-0.0235828,-0.0392897
car3,4.7,0.033334,radar,,,,13.1635,0.279399,9.36167,1.66031,12.2849,3.83214,9.95012,-0.0311417,-0.0156077
car1,4.73333,0.033333,radar,,,,15.6095,0.0348674,5.12509,4.28232,15.7408,-0.316372,-5.28267,3.10396,0.41471
car2,4.73333,0.033333,radar,,,,4.7367,-2.13936,2.10801,2.54803,-2.74314,-3.98254,-4.24189,-0.0181874,-0.0306749
car3,4.73333,0.033333,radar,,,,13.121,0.334381,9.44297,1.64825,12.5984,3.87734,9.9218,-0.017698,0.00275997
car1,4.76667,0.033333,radar,,,,16.1987,0.0442358,5.07096,5.35962,15.9261,-0.22692,-5.22302,3.14749,0.445456
car2,4.76667,0.033333,radar,,,,5.22637,-2.15059,2.12445,3.887,-2.85517,-4.00519,-4.10265,-0.00894034,-0.0184304
car3,4.76667,0.033333,radar,,,,13.8545,0.336374,9.47738,3.41255,12.9218,3.94049,9.90319,-0.00143372,0.0236565
car1,4.8,0.033334,radar,,,,16.1617,-0.0163592,5.32707,0.141833,16.1045,-0.229896,-5.25671,3.16038,0.44304
car2,4.8,0.033334,radar,,,,5.09211,-2.23066,2.44373,0.410297,-3.00372,-3.99877,-4.13611,-0.0137417,-0.0250083
car3,4.8,0.033334,radar,,,,13.9647,0.268738,9.82055,1.48551,13.2731,3.91258,10.0161,-0.00707398,0.0169228
car1,4.83333,0.033333,radar,,,,16.6007,0.015549,4.20925,10.6058,16.2664,-0.162817,-4.97289,3.1974,0.467669
car2,4.83333,0.033333,radar,,,,5.43579,-2.21716,1.38229,12.8837,-3.10204,-4.00397,-3.8117,-0.0182136,-0.0391382
car3,4.83333,0.033333,radar,,,,14.5537,0.293919,8.78844,7.40198,13.592,3.93216,9.78987,-0.00364027,0.0161257
car1,4.86667,0.033333,radar,,,,15.8175,0.0464,4.77325,7.42794,16.4106,-0.0765819,-4.90874,3.23754,0.493994
car2,4.86667,0.033333,radar,,,,4.55915,-2.2037,1.99646,6.47603,-3.18342,-4.00417,-3.64241,-0.0115237,-0.0270237
car3,4.86667,0.033333,radar,,,,13.9235,0.318337,9.43693,4.99639,13.8847,3.99034,9.75236,0.0122079,0.0358674
car1,4.9,0.033334,radar,,,,16.7532,0.0309782,4.7032,1.77537,16.5769,-0.00637676,-4.86979,3.27148,0.511825
car2,4.9,0.033334,radar,,,,5.40298,-2.23555,1.97086,1.93384,-3.28598,-4.01693,-3.52963,-0.00693979,-0.0216237
car3,4.9,0.033334,radar,,,,15.0149,0.296756,9.45023,1.20663,14.2087,4.03237,9.75172,0.0219235,0.046566
car1,4.93333,0.033333,radar,,,,16.163,-0.00586138,5.02598,4.02857,16.7235,-0.0030046,-4.91318,3.28177,0.505107
car2,4.93333,0.033333,radar,,,,4.72233,-2.28789,2.33287,3.41381,-3.40208,-3.99677,-3.55223,-0.012832,-0.0265749
car3,4.93333,0.033333,radar,,,,14.5832,0.254017,9.85532,4.43524,14.5361,4.00707,9.86518,0.017297,0.0407734
car1,4.96667,0.033333,radar,,,,17.0577,-0.0125445,4.71874,0.661149,16.887,0.00544247,-4.87983,3.29402,0.500825
car2,4.96667,0.033333,radar,,,,5.52785,-2.30921,2.06008,1.30168,-3.52481,-3.99087,-3.50795,-0.0196272,-0.037006
car3,4.96667,0.033333,radar,,,,15.6391,0.241677,9.62944,1.1333,14.8828,3.98058,9.90429,0.0107587,0.031216
car1,5,0.033334,radar,,,,17.5189,0.0245246,4.49759,3.72,17.0557,0.071546,-4.81227,3.3246,0.514813
car2,5,0.033334,radar,,,,5.90097,-2.28596,1.86899,5.02776,-3.62656,-4.00842,-3.37145,-0.0155706,-0.033882
car3,5,0.033334,radar,,,,16.2643,0.273317,9.48876,3.54125,15.2192,4.0167,9.87477,0.0181049,0.0381412
car1,5.03333,0.033333,radar,,,,16.8459,-0.0256563,4.5817,2.58592,17.1966,0.0567842,-4.75787,3.32815,0.502718
car2,5.03333,0.033333,radar,,,,5.1408,-2.34917,1.97916,2.65229,-3.7363,-3.98391,-3.31607,-0.0279395,-0.049608
car3,5.03333,0.033333,radar,,,,15.7579,0.217923,9.65254,2.24969,15.5547,3.9617,9.90487,0.00598617,0.0222353
car1,5.06667,0.033333,radar,,,,17.2173,-8.98139e-05,4.33474,1.03681,17.3392,0.0834319,-4.66391,3.34526,0.504445
car2,5.06667,0.033333,radar,,,,5.42584,-2.33589,1.75457,2.0832,-3.82828,-3.97627,-3.17778,-0.0326078,-0.0558984
car3,5.06667,0.033333,radar,,,,16.2985,0.238479,9.48449,0.236267,15.8814,3.9518,9.86967,0.00387397,0.0181437
car1,5.1,0.033334,radar,,,,16.7635,0.00900891,4.48316,5.71887,17.4655,0.116374,-4.62706,3.36335,0.506833
car2,5.1,0.033334,radar,,,,4.88647,-2.33837,1.922,5.86609,-3.90492,-3.96123,-3.0793,-0.0342644,-0.0546581
car3,5.1,0.033334,radar,,,,16.0166,0.242759,9.71112,4.99078,16.1907,3.95456,9.88262,0.00619095,0.0210117
car1,5.13333,0.033333,radar,,,,18.2096,-0.0176379,4.18973,5.3673,17.6263,0.120238,-4.5489,3.37082,0.498527
car2,5.13333,0.033333,radar,,,,6.24748,-2.37592,1.64449,6.33877,-4.01375,-3.96209,-2.98169,-0.0417855,-0.0662867
car3,5.13333,0.033333,radar,,,,17.6371,0.211475,9.49526,5.25637,16.5468,3.91988,9.88048,-0.00265625,0.00888375
car1,5.16667,0.033333,radar,,,,18.0359,-0.0154301,4.84221,2.73303,17.7926,0.117488,-4.66413,3.37217,0.482224
car2,5.16667,0.033333,radar,,,,5.98923,-2.38398,2.31008,1.44123,-4.13128,-3.96131,-3.06994,-0.0440483,-0.0658977
car3,5.16667,0.033333,radar,,,,17.6404,0.209216,10.2247,4.33336,16.9083,3.89325,10.0696,-0.00725572,0.00613961
car1,5.2,0.033334,radar,,,,18.0326,0.00944214,4.87823,1.07344,17.9553,0.152622,-4.76403,3.38573,0.478355
car2,5.2,0.033334,radar,,,,5.90185,-2.36876,2.35662,0.983433,-4.23258,-3.97054,-3.11063,-0.0373238,-0.0535918
car3,5.2,0.033334,radar,,,,17.8167,0.229784,10.3372,2.54501,17.2575,3.91177,10.2154,-0.00131928,0.015677
car1,5.23333,0.033333,radar,,,,18.4245,-0.032637,3.62733,10.9493,18.0935,0.139755,-4.48518,3.38946,0.471293
car2,5.23333,0.033333,radar,,,,6.20993,-2.41991,1.11387,12.2553,-4.32033,-3.95703,-2.83454,-0.0536005,-0.0787021
car3,5.23333,0.033333,radar,,,,18.3907,0.183554,9.16215,7.94089,17.6041,3.84193,10.0276,-0.0182512,-0.00866093
car1,5.26667,0.033333,radar,,,,18.4012,0.0198375,3.50274,6.01464,18.2217,0.197929,-4.26495,3.4158,0.484079
car2,5.26667,0.033333,radar,,,,6.10305,-2.37596,0.99527,10.2643,-4.37271,-3.96777,-2.52444,-0.0509111,-0.0771616
car3,5.26667,0.033333,radar,,,,18.5521,0.232023,9.11298,4.3456,17.9207,3.86881,9.84277,-0.013281,-0.0061716
car1,5.3,0.033334,radar,,,,18.5173,-0.00250593,3.67871,1.94453,18.3524,0.21759,-4.14791,3.42727,0.481473
car2,5.3,0.033334,radar,,,,6.13577,-2.40629,1.17525,3.72688,-4.43804,-3.96889,-2.34722,-0.0532338,-0.0795781
car3,5.3,0.033334,radar,,,,18.8553,0.205812,9.36392,0.891766,18.2504,3.85827,9.78672,-0.0155357,-0.00965008
car1,5.33333,0.033333,radar,,,,18.8614,-0.030927,3.85241,3.70373,18.494,0.191372,-4.10344,3.42101,0.461586
car2,5.33333,0.033333,radar,,,,6.39654,-2.44219,1.35114,3.06084,-4.52511,-3.96127,-2.28717,-0.0632707,-0.0906418
car3,5.33333,0.033333,radar,,,,19.389,0.173655,9.61216,2.83583,18.6036,3.79669,9.83736,-0.0283177,-0.0235151
car1,5.36667,0.033333,radar,,,,18.8499,-0.0789387,4.33757,10.3059,18.6437,0.0910799,-4.17556,3.3869,0.415634
car2,5.36667,0.033333,radar,,,,6.3018,-2.49719,1.83683,5.13013,-4.64232,-3.92964,-2.4133,-0.0869258,-0.115279
car3,5.36667,0.033333,radar,,,,19.5696,0.122033,10.1715,9.18597,18.9835,3.64885,10.0568,-0.0572989,-0.0520605
car1,5.4,0.033334,radar,,,,18.7162,0.004267,3.95564,0.0961691,18.7741,0.121862,-4.15059,3.39979,0.415038
car2,5.4,0.033334,radar,,,,6.0849,-2.42051,1.45393,1.31802,-4.70148,-3.93382,-2.31614,-0.0832859,-0.107448
car3,5.4,0.033334,radar,,,,19.6305,0.201746,9.86335,0.367153,19.3131,3.66351,10.0755,-0.0513244,-0.0426397
car1,5.43333,0.033333,radar,,,,18.1466,0.0264187,3.08875,12.8542,18.8589,0.185824,-3.88748,3.4286,0.431774
car2,5.43333,0.033333,radar,,,,5.43207,-2.40443,0.584676,17.6728,-4.70595,-3.93254,-1.95171,-0.0798895,-0.102214
car3,5.43333,0.033333,radar,,,,19.258,0.220518,9.06991,10.9051,19.5939,3.70635,9.83582,-0.0417161,-0.0347948
car1,5.46667,0.033333,radar,,,,18.4558,0.0347223,3.62512,3.58401,18.9626,0.258796,-3.86055,3.45656,0.444242
car2,5.46667,0.033333,radar,,,,5.6579,-2.40177,1.11742,6.01131,-4.72663,-3.9416,-1.81242,-0.0681934,-0.0843826
car3,5.46667,0.033333,radar,,,,19.7667,0.22555,9.6794,4.52212,19.8914,3.77729,9.82109,-0.0244777,-0.0139946
car1,5.5,0.033334,radar,,,,19.7126,-0.0137864,3.41524,5.68301,19.0988,0.256512,-3.7932,3.45697,0.432738
car2,5.5,0.033334,radar,,,,6.83112,-2.45549,0.902767,5.91964,-4.79113,-3.94795,-1.71439,-0.0708928,-0.0866451
car3,5.5,0.033334,radar,,,,21.2253,0.173873,9.47695,4.92333,20.24,3.75125,9.81136,-0.0294416,-0.0194303
car1,5.53333,0.033333,radar,,,,19.0981,0.00404379,3.62077,0.301768,19.2153,0.279042,-3.79015,3.46539,0.427508
car2,5.53333,0.033333,radar,,,,6.13296,-2.44248,1.1025,0.558501,-4.83375,-3.94904,-1.6571,-0.0689908,-0.081364
car3,5.53333,0.033333,radar,,,,20.813,0.188653,9.68952,0.256989,20.5629,3.75961,9.83152,-0.0260476,-0.0145568
car1,5.56667,0.033333,radar,,,,19.654,-0.0665386,3.42732,8.37864,19.3428,0.193114,-3.70856,3.43583,0.390729
car2,5.56667,0.033333,radar,,,,6.60498,-2.51748,0.902298,5.10791,-4.91037,-3.92523,-1.62257,-0.0913759,-0.104755
car3,5.56667,0.033333,radar,,,,21.5713,0.115132,9.50273,5.32167,20.9219,3.62004,9.85059,-0.0538461,-0.0446449
car1,5.6,0.033334,radar,,,,19.1431,-0.0657163,3.38581,7.40926,19.4485,0.110326,-3.61567,3.40833,0.356883
car2,5.6,0.033334,radar,,,,6.00996,-2.52069,0.853198,4.26474,-4.96551,-3.89197,-1.562,-0.115011,-0.127257
car3,5.6,0.033334,radar,,,,21.263,0.113122,9.46754,4.0148,21.2575,3.48167,9.84567,-0.0800329,-0.0719879
car1,5.63333,0.033333,radar,,,,19.316,-0.00183048,2.95192,2.87657,19.543,0.123892,-3.45613,3.41573,0.354235
car2,5.63333,0.033333,radar,,,,6.09853,-2.46048,0.410956,5.25472,-4.98065,-3.89023,-1.3422,-0.11661,-0.126185
car3,5.63333,0.033333,radar,,,,21.6388,0.174277,9.03964,2.82044,21.5602,3.47554,9.69283,-0.0803529,-0.0735072
car1,5.66667,0.033333,radar,,,,20.5128,-0.0324284,3.4421,9.64593,19.6855,0.0925211,-3.49223,3.403,0.333338
car2,5.66667,0.033333,radar,,,,7.21063,-2.49438,0.8921,8.10924,-5.05048,-3.89493,-1.35772,-0.121412,-0.128588
car3,5.66667,0.033333,radar,,,,23.0385,0.141044,9.5355,8.72984,21.919,3.41946,9.76206,-0.0888234,-0.0789817
car1,5.7,0.033334,radar,,,,19.7294,0.0513748,3.54231,2.4064,19.7986,0.194242,-3.56435,3.43893,0.353532
car2,5.7,0.033334,radar,,,,6.34231,-2.41353,0.982687,5.89629,-5.06413,-3.92196,-1.30272,-0.0979746,-0.099103
car3,5.7,0.033334,radar,,,,22.4584,0.222302,9.64113,5.29906,22.2201,3.5507,9.75459,-0.0586455,-0.0432834
car1,5.73333,0.033333,radar,,,,19.7951,-0.000150416,4.01146,3.37514,19.924,0.210312,-3.72446,3.44013,0.342036
car2,5.73333,0.033333,radar,,,,6.32268,-2.46766,1.44167,2.76188,-5.11211,-3.92427,-1.42752,-0.0921426,-0.0881617
car3,5.73333,0.033333,radar,,,,22.7274,0.16832,10.1154,3.14813,22.5519,3.56201,9.90836,-0.0525867,-0.0326733
car1,5.76667,0.033333,radar,,,,19.9372,0.0018166,3.13934,1.58524,20.0283,0.233758,-3.60344,3.44957,0.34244
car2,5.76667,0.033333,radar,,,,6.37914,-2.46796,0.558938,2.65274,-5.13234,-3.9276,-1.26736,-0.0902715,-0.0845818
car3,5.76667,0.033333,radar,,,,23.073,0.167911,9.2482,1.79048,22.8625,3.5745,9.77443,-0.0486541,-0.0294862
car1,5.8,0.033334,radar,,,,20.4551,-0.0116281,2.55662,7.97022,20.1305,0.234628,-3.35844,3.453,0.34
car2,5.8,0.033334,radar,,,,6.81107,-2.48334,-0.0347839,9.40202,-5.14904,-3.93261,-0.992016,-0.0930733,-0.0874495
car3,5.8,0.033334,radar,,,,23.7946,0.15217,8.67015,7.80612,23.1751,3.55846,9.53345,-0.0515944,-0.0354468
car1,5.83333,0.033333,radar,,,,20.4456,-0.0233569,3.91371,6.00907,20.263,0.213593,-3.54527,3.43952,0.317163
car2,5.83333,0.033333,radar,,,,6.71517,-2.49667,1.31099,3.38633,-5.20775,-3.93032,-1.16885,-0.0953043,-0.0865193
car3,5.83333,0.033333,radar,,,,23.989,0.13822,10.0317,4.57915,23.5213,3.5184,9.74283,-0.0559939,-0.0356156
car1,5.86667,0.033333,radar,,,,20.3006,-0.0290251,2.68549,5.6882,20.3564,0.184692,-3.32789,3.43076,0.304302
car2,5.86667,0.033333,radar,,,,6.48336,-2.50361,0.0711854,5.47444,-5.22183,-3.92274,-0.944741,-0.105296,-0.0955036
car3,5.86667,0.033333,radar,,,,24.0479,0.130401,8.80772,4.45018,23.8306,3.45765,9.55286,-0.0673887,-0.049838
car1,5.9,0.033334,radar,,,,20.3125,-0.0134435,2.83067,1.7948,20.4491,0.177624,-3.21305,3.42825,0.29511
car2,5.9,0.033334,radar,,,,6.4082,-2.48899,0.204575,2.34294,-5.22956,-3.9222,-0.794304,-0.106386,-0.0938917
car3,5.9,0.033334,radar,,,,24.264,0.143901,8.95695,1.2822,24.1338,3.43682,9.44551,-0.0699733,-0.0528755
car1,5.93333,0.033333,radar,,,,20.4267,-0.0177948,2.84117,1.38634,20.5423,0.163666,-3.13032,3.42266,0.283382
car2,5.93333,0.033333,radar,,,,6.4348,-2.49397,0.203162,1.39915,-5.23805,-3.92084,-0.678484,-0.108154,-0.092675
car3,5.93333,0.033333,radar,,,,24.5824,0.137533,8.97134,0.622294,24.4383,3.40819,9.37404,-0.0736867,-0.0562494
car1,5.96667,0.033333,radar,,,,20.6108,-0.0049685,2.70346,0.913994,20.6339,0.168462,-3.03914,3.42411,0.27777
car2,5.96667,0.033333,radar,,,,6.53096,-2.48147,0.0534469,2.04149,-5.23842,-3.92676,-0.538354,-0.104051,-0.0860051
car3,5.96667,0.033333,radar,,,,24.9709,0.148405,8.83733,0.964163,24.7373,3.41099,9.27835,-0.0714833,-0.0538863
car1,6,0.033334,radar,,,,21.0882,-0.0270076,2.96273,2.74104,20.7448,0.140023,-3.04494,3.41099,0.26015
car2,6,0.033334,radar,,,,6.92002,-2.5035,0.300704,1.49718,-5.26443,-3.92947,-0.524136,-0.10581,-0.0855861
car3,6,0.033334,radar,,,,25.6528,0.124472,9.10015,1.63907,25.0615,3.36635,9.30386,-0.0775908,-0.0580405
car1,6.03333,0.033333,radar,,,,20.6775,0.0445301,2.52658,2.92104,20.8254,0.220839,-2.94555,3.44171,0.278303
car2,6.03333,0.033333,radar,,,,6.42068,-2.43165,-0.14743,7.51201,-5.23539,-3.95227,-0.325136,-0.0833839,-0.062283
car3,6.03333,0.033333,radar,,,,25.4468,0.194172,8.6674,5.63462,25.3351,3.48984,9.14101,-0.0523573,-0.0333016
car1,6.06667,0.033333,radar,,,,20.5952,-0.0332024,2.34842,4.85945,20.8979,0.180871,-2.78862,3.42755,0.261566
car2,6.06667,0.033333,radar,,,,6.24923,-2.50875,-0.337473,4.13177,-5.22286,-3.94438,-0.153765,-0.090588,-0.0657976
car3,6.06667,0.033333,radar,,,,25.5692,0.114657,8.49249,3.14005,25.623,3.42429,9.01335,-0.0635872,-0.0450596
car1,6.1,0.033334,radar,,,,20.8214,-0.0277024,2.51259,1.93135,20.9785,0.14939,-2.72358,3.4148,0.245277
car2,6.1,0.033334,radar,,,,6.3859,-2.50229,-0.185029,1.10434,-5.21612,-3.94053,-0.0661337,-0.0948877,-0.0668422
car3,6.1,0.033334,radar,,,,26.0002,0.118428,8.65978,0.595664,25.9173,3.37332,8.97077,-0.0715091,-0.0521592
car1,6.13333,0.033333,radar,,,,21.0707,-0.0105832,2.47186,0.526198,21.0625,0.144225,-2.67512,3.41178,0.236983
car2,6.13333,0.033333,radar,,,,6.54522,-2.48389,-0.237257,0.812863,-5.20555,-3.94513,0.0215846,-0.0916905,-0.0616549
car3,6.13333,0.033333,radar,,,,26.4544,0.133868,8.62205,0.253517,26.2099,3.36687,8.9236,-0.0707842,-0.0505507
car1,6.16667,0.033333,radar,,,,21.2638,-0.00903422,2.262,1.21372,21.1444,0.139521,-2.58373,3.4093,0.229788
car2,6.16667,0.033333,radar,,,,6.64806,-2.48074,-0.458343,1.99864,-5.18978,-3.95248,0.151597,-0.0861583,-0.0545291
car3,6.16667,0.033333,radar,,,,26.8526,0.133785,8.41507,1.12331,26.4998,3.36404,8.83266,-0.0698628,-0.0496191
car1,6.2,0.033334,radar,,,,20.9628,-0.0210497,1.86598,4.57273,21.2035,0.114724,-2.39074,3.40066,0.218554
car2,6.2,0.033334,radar,,,,6.25639,-2.49082,-0.86525,5.60978,-5.15312,-3.95274,0.377594,-0.0842854,-0.0488463
car3,6.2,0.033334,radar,,,,26.7567,0.120186,8.02181,3.7617,26.7706,3.32761,8.65502,-0.0761367,-0.0570944
car1,6.23333,0.033333,radar,,,,21.7004,-0.0184111,1.46059,8.39972,21.273,0.0864223,-2.15189,3.38988,0.206333
car2,6.23333,0.033333,radar,,,,6.90299,-2.48592,-1.28111,10.8754,-5.1201,-3.96552,0.652298,-0.0694882,-0.0314994
car3,6.23333,0.033333,radar,,,,27.6996,0.121284,7.61907,8.11774,27.0507,3.2995,8.43155,-0.0817823,-0.0649828
car1,6.26667,0.033333,radar,,,,21.7545,-0.0344808,2.24528,3.61777,21.3607,0.0480241,-2.1957,3.37301,0.18881
car2,6.26667,0.033333,radar,,,,6.86567,-2.49938,-0.506415,2.14366,-5.11545,-3.9682,0.637459,-0.0718698,-0.032663
car3,6.26667,0.033333,radar,,,,27.9589,0.103718,8.40631,2.41779,27.3527,3.24041,8.49679,-0.090443,-0.0704478
car1,6.3,0.033334,radar,,,,21.4002,-0.0645595,2.1703,4.76741,21.4333,-0.031683,-2.18391,3.3396,0.159426
car2,6.3,0.033334,radar,,,,6.4197,-2.52651,-0.59084,2.50039,-5.10408,-3.96018,0.654541,-0.0818066,-0.0374039
car3,6.3,0.033334,radar,,,,27.8101,0.0721836,8.33379,1.93265,27.6475,3.1047,8.53467,-0.113763,-0.0902436
car1,6.33333,0.033333,radar,,,,21.2435,-0.052493,1.58764,5.74855,21.483,-0.0983727,-2.00573,3.31213,0.135319
car2,6.33333,0.033333,radar,,,,6.17101,-2.51114,-1.18232,6.31329,-5.06226,-3.95572,0.850347,-0.0808385,-0.0302396
car3,6.33333,0.033333,radar,,,,27.8589,0.0828344,7.75349,3.67377,27.917,2.98875,8.40019,-0.135571,-0.11195
car1,6.36667,0.033333,radar,,,,21.8559,0.0543523,2.02823,4.57181,21.5591,-0.00514115,-2.04761,3.35053,0.160198
car2,6.36667,0.033333,radar,,,,6.69111,-2.40063,-0.749858,6.91924,-5.01528,-3.97488,0.907047,-0.0666639,-0.0220141
car3,6.36667,0.033333,radar,,,,28.6768,0.188302,8.19636,8.30648,28.1822,3.16573,8.36328,-0.0976036,-0.0723349
car1,6.4,0.033334,radar,,,,21.789,-0.0106171,1.84889,0.590166,21.6273,-0.00780323,-2.00808,3.3488,0.155429
car2,6.4,0.033334,radar,,,,6.53161,-2.46156,-0.936531,0.959033,-4.97939,-3.98075,0.980054,-0.0600561,-0.0153112
car3,6.4,0.033334,radar,,,,28.8155,0.121992,8.01921,0.698588,28.4578,3.1695,8.31818,-0.094403,-0.0677727
car1,6.43333,0.033333,radar,,,,21.3692,-0.0647736,1.65189,6.20986,21.6753,-0.084339,-1.89744,3.31633,0.12868
car2,6.43333,0.033333,radar,,,,6.01904,-2.51129,-1.13999,5.25943,-4.93972,-3.97338,1.0865,-0.0546923,-0.00377376
car3,6.43333,0.033333,radar,,,,28.6014,0.066531,7.82433,3.51209,28.7274,3.03153,8.2556,-0.118909,-0.0898441
car1,6.46667,0.033333,radar,,,,22.0456,0.015749,1.81036,1.42794,21.7457,-0.0490159,-1.89619,3.33081,0.136154
car2,6.46667,0.033333,radar,,,,6.6025,-2.42596,-0.987024,2.48002,-4.89551,-3.98367,1.14492,-0.0497371,-0.00206863
car3,6.46667,0.033333,radar,,,,29.4836,0.145783,7.98484,3.03742,28.9979,3.10855,8.22004,-0.100902,-0.0707373
car1,6.5,0.033334,radar,,,,22.1626,0.00107443,1.69591,1.58675,21.8149,-0.0355587,-1.86168,3.3359,0.136981
car2,6.5,0.033334,radar,,,,6.6263,-2.43541,-1.1059,2.30155,-4.85369,-3.99198,1.21493,-0.0430142,0.00236217
car3,6.5,0.033334,radar,,,,29.8064,0.129871,7.87235,2.36367,29.2713,3.14651,8.16818,-0.0910048,-0.060223
car1,6.53333,0.033333,radar,,,,21.6874,-0.00320833,1.48059,1.25863,21.8608,-0.0275154,-1.76188,3.33993,0.136953
car2,6.53333,0.033333,radar,,,,6.05786,-2.43406,-1.32447,2.19017,-4.79032,-3.99373,1.34743,-0.0345889,0.0109861
car3,6.53333,0.033333,radar,,,,29.5372,0.124383,7.65894,1.55214,29.5227,3.17025,8.05699,-0.0843071,-0.0536177
car1,6.56667,0.033333,radar,,,,22.2331,0.0221618,1.60095,1.74358,21.925,0.0129078,-1.74212,3.35751,0.146387
car2,6.56667,0.033333,radar,,,,6.51016,-2.40262,-1.20608,3.06063,-4.73422,-4.00405,1.42188,-0.0372458,0.00552831
car3,6.56667,0.033333,radar,,,,30.2888,0.148578,7.78113,3.20875,29.7858,3.26345,8.00342,-0.0638214,-0.0337621
car1,6.6,0.033334,radar,,,,21.8633,-0.0160563,0.847966,6.14357,21.9561,0.000962374,-1.49856,3.3548,0.142708
car2,6.6,0.033334,radar,,,,6.04692,-2.43431,-1.95961,7.53959,-4.66102,-4.00017,1.65923,-0.00161942,0.0399769
car3,6.6,0.033334,radar,,,,30.1251,0.109215,7.02992,5.72765,30.025,3.26101,7.76029,-0.0626734,-0.0339056
car1,6.63333,0.033333,radar,,,,21.5021,-0.0300746,1.28105,3.8979,21.9842,-0.0280569,-1.42975,3.34202,0.130511
car2,6.63333,0.033333,radar,,,,5.59228,-2.44134,-1.52553,3.70162,-4.59137,-3.98985,1.73233,0.0199635,0.0608966
car3,6.63333,0.033333,radar,,,,29.97,0.0940811,7.46472,2.89767,30.266,3.20859,7.70838,-0.0708645,-0.0406613
car1,6.66667,0.033333,radar,,,,21.5219,-0.036372,1.45463,4.16705,22.0161,-0.0618912,-1.42701,3.32618,0.116437
car2,6.66667,0.033333,radar,,,,5.51866,-2.44016,-1.34925,3.38722,-4.52783,-3.97814,1.7357,0.0364311,0.0758213
car3,6.66667,0.033333,radar,,,,30.1959,0.0866956,7.63996,2.97614,30.5124,3.13995,7.72511,-0.0817821,-0.0489079
car1,6.7,0.033334,radar,,,,21.4041,-0.00557723,1.21502,4.87203,22.0367,-0.0570365,-1.35899,3.32932,0.115579
car2,6.7,0.033334,radar,,,,5.3076,-2.40137,-1.58433,5.54417,-4.4387,-3.9704,1.83871,0.0409477,0.080254
car3,6.7,0.033334,radar,,,,30.2843,0.116429,7.40195,4.88106,30.7396,3.15374,7.65077,-0.0769296,-0.0438092
car1,6.73333,0.033333,radar,,,,21.6458,-0.033038,1.76585,4.71318,22.0783,-0.0821709,-1.46626,3.31617,0.1037
car2,6.73333,0.033333,radar,,,,5.45616,-2.42032,-1.02692,3.72021,-4.38124,-3.9631,1.74065,0.0422397,0.0795858
car3,6.73333,0.033333,radar,,,,30.7322,0.0879337,7.95434,3.72887,30.9944,3.09868,7.7704,-0.0840142,-0.0468414
car1,6.76667,0.033333,radar,,,,22.3504,-0.0160576,1.33873,0.791659,22.131,-0.0902339,-1.44261,3.31126,0.0983785
car2,6.76667,0.033333,radar,,,,6.0679,-2.39426,-1.44527,0.638275,-4.32293,-3.96406,1.77594,0.0429884,0.0778191
car3,6.76667,0.033333,radar,,,,31.6431,0.103904,7.52872,0.734137,31.2557,3.09228,7.74648,-0.0828928,-0.045004
car1,6.8,0.033334,radar,,,,21.7923,-0.0696466,0.671582,10.3897,22.1469,-0.165673,-1.21229,3.27451,0.0723985
car2,6.8,0.033334,radar,,,,5.41734,-2.43819,-2.10122,8.69533,-4.26574,-3.9245,1.89965,0.115517,0.137307
car3,6.8,0.033334,radar,,,,31.2914,0.0493302,6.86303,8.03007,31.4943,2.93221,7.5622,-0.114137,-0.0746835
car1,6.83333,0.033333,radar,,,,22.1466,-0.0616284,0.311975,9.2625,22.1629,-0.235879,-0.952501,3.23756,0.0460417
car2,6.83333,0.033333,radar,,,,5.67947,-2.41991,-2.447,8.16086,-4.19738,-3.89026,2.10225,0.170113,0.179931
car3,6.83333,0.033333,radar,,,,31.852,0.056387,6.50483,7.37468,31.7316,2.78428,7.34804,-0.14497,-0.105353
car1,6.86667,0.033333,radar,,,,22.235,0.0134718,1.03295,0.681967,22.1979,-0.203465,-0.982591,3.25466,0.0562662
car2,6.86667,0.033333,radar,,,,5.67625,-2.3339,-1.70933,2.71811,-4.09444,-3.90836,2.18133,0.12379,0.139944
car3,6.86667,0.033333,radar,,,,32.1469,0.130549,7.22718,2.13232,31.9663,2.87301,7.34439,-0.123142,-0.0825945
car1,6.9,0.033334,radar,,,,22.3914,-0.027652,0.00782321,8.10783,22.2107,-0.230806,-0.712862,3.23941,0.0449104
car2,6.9,0.033334,radar,,,,5.74165,-2.36345,-2.71461,8.56253,-4.00404,-3.88385,2.42594,0.156047,0.165025
car3,6.9,0.033334,radar,,,,32.5098,0.0885087,6.20338,7.79728,32.1909,2.82819,7.08772,-0.13299,-0.0941202
car1,6.93333,0.033333,radar,,,,21.5816,-0.00142455,0.622877,4.7084,22.211,-0.217742,-0.674022,3.24733,0.0484494
car2,6.93333,0.033333,radar,,,,4.84148,-2.32494,-2.07629,6.24482,-3.88072,-3.88019,2.53045,0.138461,0.150182
car3,6.93333,0.033333,radar,,,,31.9065,0.113842,6.81972,5.2095,32.3954,2.86872,7.03093,-0.122022,-0.0823663
car1,6.96667,0.033333,radar,,,,22.3453,0.0231126,1.2998,4.43364,22.2531,-0.174509,-0.858525,3.27181,0.0631361
car2,6.96667,0.033333,radar,,,,5.51565,-2.28737,-1.37236,6.37502,-3.76461,-3.9269,2.50116,0.0609328,0.0866836
car3,6.96667,0.033333,radar,,,,32.8768,0.137505,7.49789,6.01008,32.6358,2.9817,7.17615,-0.0942521,-0.0533406
car1,7,0.033334,radar,,,,22.1474,-0.0120523,0.756539,0.271952,22.2747,-0.175492,-0.829949,3.27159,0.0616874
car2,7,0.033334,radar,,,,5.22921,-2.30872,-1.88454,0.52535,-3.66663,-3.92629,2.54736,0.056236,0.0821939
car3,7,0.033334,radar,,,,32.8855,0.101487,6.95584,0.346932,32.8646,2.99049,7.1425,-0.0897892,-0.0482631
car1,7.03333,0.033333,radar,,,,23.0095,-0.0126345,0.428051,6.75527,22.3148,-0.17929,-0.738467,3.26949,0.059812
car2,7.03333,0.033333,radar,,,,6.00382,-2.29467,-2.17748,6.79147,-3.5814,-3.93351,2.64599,0.0521485,0.0795699
car3,7.03333,0.033333,radar,,,,33.9542,0.100072,6.62853,6.99106,33.1114,3.00627,7.04552,-0.0845805,-0.0438675
car1,7.06667,0.033333,radar,,,,21.8986,-0.0221955,0.920034,2.66456,22.3296,-0.189429,-0.780504,3.2638,0.0548561
car2,7.06667,0.033333,radar,,,,4.8067,-2.28872,-1.64508,2.68057,-3.47998,-3.93215,2.6271,0.0460711,0.0721864
car3,7.06667,0.033333,radar,,,,33.05,0.0896966,7.12166,2.35354,33.3363,2.98199,7.09135,-0.0865033,-0.043537
car1,7.1,0.033334,radar,,,,21.6901,0.00104856,0.318793,6.31707,22.3223,-0.177526,-0.637658,3.27257,0.0588517
car2,7.1,0.033334,radar,,,,4.5134,-2.24905,-2.20059,7.30985,-3.35074,-3.92138,2.78171,0.0499142,0.077875
car3,7.1,0.033334,radar,,,,33.0483,0.112145,6.52153,6.62101,33.5334,3.02315,6.93641,-0.0763276,-0.0352902
car1,7.13333,0.033333,radar,,,,21.8309,-0.035227,0.284883,4.46559,22.3177,-0.203001,-0.526313,3.25841,0.0490622
car2,7.13333,0.033333,radar,,,,4.57097,-2.26794,-2.18298,3.67556,-3.24792,-3.8923,2.83621,0.0743083,0.0965307
car3,7.13333,0.033333,radar,,,,33.3958,0.0750924,6.4887,3.71223,33.7417,2.96596,6.83744,-0.0858579,-0.0431353
car1,7.16667,0.033333,radar,,,,22.5661,0.0134101,0.228116,1.81649,22.3351,-0.181109,-0.451983,3.27227,0.0562557
car2,7.16667,0.033333,radar,,,,5.2248,-2.20089,-2.1819,3.52652,-3.11678,-3.91466,2.99757,0.0501432,0.0805327
car3,7.16667,0.033333,radar,,,,34.3379,0.12297,6.43298,2.66854,33.9602,3.04822,6.74269,-0.0672371,-0.0276167
car1,7.2,0.033334,radar,,,,22.2819,0.0418018,0.36987,2.73481,22.3461,-0.132241,-0.43241,3.30405,0.0735374
car2,7.2,0.033334,radar,,,,4.86121,-2.15302,-1.97541,5.15197,-2.96027,-3.95089,3.1679,0.0123622,0.0532699
car3,7.2,0.033334,radar,,,,34.2605,0.150619,6.57576,4.01163,34.166,3.20509,6.68721,-0.0329087,0.00141795
car1,7.23333,0.033333,radar,,,,22.1583,0.00477101,-0.232673,3.93934,22.337,-0.122641,-0.243871,3.31301,0.0773681
car2,7.23333,0.033333,radar,,,,4.66045,-2.16945,-2.50571,4.66298,-2.82899,-3.93342,3.322,0.0297419,0.0743825
car3,7.23333,0.033333,radar,,,,34.3438,0.112863,5.97421,4.03284,34.3592,3.27111,6.48573,-0.0166076,0.0146494
car1,7.26667,0.033333,radar,,,,22.0782,-0.0443934,0.441793,2.75877,22.3412,-0.15494,-0.292162,3.29354,0.0649057
car2,7.26667,0.033333,radar,,,,4.50572,-2.19683,-1.75083,1.68844,-2.7306,-3.92064,3.23972,0.0373369,0.07383
car3,7.26667,0.033333,radar,,,,34.4706,0.0629889,6.64965,2.11596,34.5802,3.16986,6.55755,-0.0366566,-0.00211825
car1,7.3,0.033334,radar,,,,22.2493,0.000159861,0.118959,0.379703,22.3432,-0.148196,-0.24286,3.29965,0.067023
car2,7.3,0.033334,radar,,,,4.60496,-2.12924,-1.98439,1.10265,-2.59672,-3.92735,3.32835,0.0303531,0.0685117
car3,7.3,0.033334,radar,,,,34.8486,0.106849,6.32776,0.560563,34.787,3.20694,6.50286,-0.0274536,0.00510167
car1,7.33333,0.033333,radar,,,,21.7566,-0.00386888,-0.169303,5.01026,22.3216,-0.146958,-0.113103,3.30335,0.0674762
car2,7.33333,0.033333,radar,,,,4.0435,-2.10894,-2.17376,5.33041,-2.45452,-3.91014,3.43873,0.0404545,0.0788167
car3,7.33333,0.033333,radar,,,,34.5629,0.102142,6.04042,4.98242,34.9714,3.22934,6.37056,-0.0212204,0.00951206
car1,7.36667,0.033333,radar,,,,22.5635,-0.0487849,0.365117,3.00959,22.3391,-0.179322,-0.189211,3.28207,0.0550509
car2,7.36667,0.033333,radar,,,,4.78516,-2.12817,-1.53005,1.95573,-2.35914,-3.91626,3.34301,0.0347498,0.0662281
car3,7.36667,0.033333,radar,,,,35.5768,0.0565626,6.57573,2.39532,35.2058,3.12743,6.46484,-0.0413729,-0.00671377
car1,7.4,0.033334,radar,,,,22.9805,0.0344622,-0.305568,8.3717,22.3535,-0.146705,-0.0688884,3.30649,0.0672755
car2,7.4,0.033334,radar,,,,5.14064,-2.01783,-2.08023,10.3813,-2.19822,-3.95225,3.57622,0.0136403,0.056381
car3,7.4,0.033334,radar,,,,36.2008,0.139161,5.90592,9.21317,35.4169,3.2617,6.32456,-0.0131992,0.0140966
car1,7.43333,0.033333,radar,,,,22.0617,-0.0438511,-0.160337,2.79911,22.3401,-0.176853,0.00405125,3.28723,0.0557261
car2,7.43333,0.033333,radar,,,,4.16442,-2.06758,-1.80245,1.1596,-2.08429,-3.93346,3.55505,0.0264031,0.0661507
car3,7.43333,0.033333,radar,,,,35.489,0.0602139,6.052,2.23509,35.6192,3.17258,6.26654,-0.0307052,-0.000428094
car1,7.46667,0.033333,radar,,,,22.2115,-0.0278764,-0.502649,2.55763,22.3228,-0.195118,0.148559,3.27593,0.048451
car2,7.46667,0.033333,radar,,,,4.26148,-2.02153,-1.99931,1.32621,-1.95305,-3.91983,3.62758,0.0373839,0.0801971
car3,7.46667,0.033333,radar,,,,35.8459,0.0755684,5.71052,2.24481,35.8138,3.12824,6.13006,-0.0396284,-0.00888325
car1,7.5,0.033334,radar,,,,22.121,-0.0613941,0.0762289,3.82621,22.3167,-0.232258,0.0923848,3.25083,0.0352026
car2,7.5,0.033334,radar,,,,4.12323,-2.02343,-1.26125,2.1906,-1.84234,-3.91858,3.54118,0.032999,0.064058
car3,7.5,0.033334,radar,,,,35.9625,0.041444,6.35646,3.18465,36.0289,2.99579,6.22386,-0.0654908,-0.0280952
car1,7.53333,0.033333,radar,,,,22.5743,-0.023591,-0.141301,0.936359,22.3206,-0.241907,0.100191,3.24451,0.0315525
car2,7.53333,0.033333,radar,,,,4.53435,-1.95244,-1.30506,2.08559,-1.70209,-3.9413,3.60411,0.0169522,0.0440862
car3,7.53333,0.033333,radar,,,,36.6252,0.0786471,6.20599,0.801082,36.2462,2.97515,6.25081,-0.0676851,-0.028817
car1,7.56667,0.033333,radar,,,,22.1785,-0.00899886,-0.605127,2.22994,22.2998,-0.243281,0.246565,3.24552,0.0312396
car2,7.56667,0.033333,radar,,,,4.10228,-1.90305,-1.57987,2.77924,-1.54158,-3.94397,3.75018,0.0152589,0.0448188
car3,7.56667,0.033333,radar,,,,36.441,0.0926456,5.80922,1.30951,36.4381,2.98406,6.14561,-0.0653081,-0.0278903
car1,7.6,0.033334,radar,,,,22.5454,-0.000503274,-0.590176,1.82293,22.291,-0.239054,0.33792,3.24974,0.0324378
car2,7.6,0.033334,radar,,,,4.43952,-1.85817,-1.35997,3.67009,-1.3738,-3.96371,3.90957,0.00444797,0.0358565
car3,7.6,0.033334,radar,,,,37.0217,0.100554,5.89121,1.37252,36.6416,3.02385,6.09671,-0.0555292,-0.0203062
car1,7.63333,0.033333,radar,,,,22.444,-0.0110556,-1.04796,4.46086,22.2668,-0.24413,0.535226,3.24615,0.0293048
car2,7.63333,0.033333,radar,,,,4.3154,-1.83076,-1.59633,3.84707,-1.21422,-3.96191,4.03992,0.0123024,0.0547215
car3,7.63333,0.033333,radar,,,,37.1364,0.0894203,5.50047,2.58346,36.8343,3.03234,5.95247,-0.0532263,-0.0196229
car1,7.66667,0.033333,radar,,,,22.753,-0.0252061,-0.536017,2.9322,22.265,-0.253954,0.525428,3.23997,0.0262781
car2,7.66667,0.033333,radar,,,,4.60931,-1.8054,-0.846126,4.07119,-1.05579,-3.99184,4.1295,-0.0049252,0.0324111
car3,7.66667,0.033333,radar,,,,37.6637,0.0746949,6.07945,3.07724,37.0546,3.00546,6.02415,-0.0572335,-0.0218113
car1,7.7,0.033334,radar,,,,22.0178,-0.0292438,-1.15436,4.09638,22.2238,-0.268679,0.711056,3.22971,0.0204757
car2,7.7,0.033334,radar,,,,3.8672,-1.76844,-1.20922,2.20828,-0.898617,-3.97782,4.19723,0.00691184,0.0505373
car3,7.7,0.033334,radar,,,,37.149,0.0700881,5.52813,2.01369,37.2388,2.96095,5.90594,-0.0661388,-0.029426
car1,7.73333,0.033333,radar,,,,21.8876,0.0145779,-1.0873,2.99318,22.1806,-0.258838,0.828769,3.23826,0.0226296
car2,7.73333,0.033333,radar,,,,3.7388,-1.68222,-0.870014,6.37315,-0.695731,-3.97408,4.40703,0.00760303,0.0504924
car3,7.73333,0.033333,radar,,,,37.2416,0.113347,5.66221,2.46268,37.4128,3.04338,5.83757,-0.0466427,-0.0142905
car1,7.76667,0.033333,radar,,,,22.4228,-0.000494376,-0.434738,1.98512,22.172,-0.253841,0.716207,3.24656,0.026644
car2,7.76667,0.033333,radar,,,,4.28508,-1.65361,0.0712374,7.35437,-0.492173,-4.01188,4.61013,-0.021269,0.00292201
car3,7.76667,0.033333,radar,,,,38.0017,0.0977172,6.38179,3.98879,37.6273,3.08125,6.00901,-0.0362778,-0.00485351
car1,7.8,0.033334,radar,,,,22.0054,0.0031925,-1.38677,4.17899,22.1265,-0.25227,0.912549,3.24773,0.0250903
car2,7.8,0.033334,radar,,,,3.88855,-1.6051,-0.576244,3.40104,-0.306876,-4.00033,4.70778,-0.00983613,0.0235307
car3,7.8,0.033334,radar,,,,37.8116,0.100853,5.49677,2.20415,37.806,3.13261,5.86987,-0.023787,0.00395238
car1,7.83333,0.033333,radar,,,,21.9934,0.0406843,-0.687692,3.43185,22.0992,-0.231705,0.85844,3.26459,0.030141
car2,7.83333,0.033333,radar,,,,3.90772,-1.52179,0.442271,9.01201,-0.0673539,-4.0164,5.00858,-0.0252843,-0.00540085
car3,7.83333,0.033333,radar,,,,38.029,0.137799,6.26286,4.93245,37.9972,3.2795,5.97178,0.00969586,0.029634
car1,7.86667,0.033333,radar,,,,21.7531,-0.0319502,-1.07601,2.00464,22.0546,-0.245596,0.933617,3.25872,0.0276352
car2,7.86667,0.033333,radar,,,,3.70948,-1.54781,0.386985,1.24757,0.102981,-4.01557,5.02118,-0.0274164,-0.013389
car3,7.86667,0.033333,radar,,,,38.0204,0.0646239,5.94155,1.53637,38.1905,3.21724,5.97316,-0.00334594,0.0191608
car1,7.9,0.033334,radar,,,,22.0986,0.0216222,-1.29864,2.46919,22.017,-0.237352,1.04049,3.26091,0.0251581
car2,7.9,0.033334,radar,,,,4.10816,-1.44704,0.509397,2.95725,0.312867,-4.01645,5.16831,-0.0243828,-0.0062343
car3,7.9,0.033334,radar,,,,38.5998,0.117661,5.78591,1.42216,38.3796,3.31726,5.92274,0.0196492,0.0357548
car1,7.93333,0.033333,radar,,,,21.8698,0.00378378,-1.71112,4.22622,21.9618,-0.238361,1.23818,3.25449,0.0189325
car2,7.93333,0.033333,radar,,,,3.94423,-1.41732,0.452144,2.03196,0.499618,-4.00285,5.19073,-0.0121907,0.0154001
car3,7.93333,0.033333,radar,,,,38.6071,0.0992937,5.44042,1.89631,38.557,3.37122,5.78765,0.0331145,0.0451726
car1,7.96667,0.033333,radar,,,,21.8648,0.0044536,-1.79718,3.06631,21.9047,-0.238985,1.40398,3.24639,0.0118596
car2,7.96667,0.033333,radar,,,,4.01599,-1.36896,0.72948,1.58382,0.691592,-3.99093,5.23602,-0.00194772,0.0324186
car3,7.96667,0.033333,radar,,,,38.8405,0.0994394,5.42135,1.08963,38.7348,3.42373,5.68644,0.0459486,0.0539372
car1,8,0.033334,radar,,,,22.095,0.0718158,-1.39733,8.11794,21.8669,-0.212588,1.40426,3.23994,0.000476093
car2,8,0.033334,radar,,,,4.33507,-1.25401,1.47452,10.9963,0.950024,-3.98316,5.54989,0.00518591,0.041279
car3,8,0.033334,radar,,,,39.3114,0.166283,5.88818,7.30852,38.9189,3.65502,5.73943,0.0965822,0.0897168
car1,8.03333,0.033333,radar,,,,21.7845,-0.00793159,-1.37689,0.0205768,21.8198,-0.216576,1.40789,3.23953,2.96236e-05
car2,8.03333,0.033333,radar,,,,4.12486,-1.28728,1.83049,1.05253,1.15022,-3.98783,5.63819,0.000366631,0.0276544
car3,8.03333,0.033333,radar,,,,39.2438,0.0860218,5.9756,0.594095,39.1171,3.63453,5.81296,0.0888909,0.0807379
car1,8.06667,0.033333,radar,,,,21.1738,-0.0162366,-1.27408,4.03628,21.757,-0.224578,1.39718,3.24197,0.00179814
car2,8.06667,0.033333,radar,,,,3.62533,-1.25037,2.25799,5.8102,1.34802,-3.98076,5.72683,-0.00529594,0.00661985
car3,8.06667,0.033333,radar,,,,38.8781,0.0772083,6.14538,5.23281,39.3045,3.5853,5.89931,0.0756342,0.0685295
car1,8.1,0.033334,radar,,,,22.4233,-0.0192832,-1.29947,5.51023,21.736,-0.231654,1.3634,3.24577,0.00494357
car2,8.1,0.033334,radar,,,,4.99672,-1.20958,2.5455,7.37017,1.55506,-4.0152,5.84051,-0.0178744,-0.0112349
car3,8.1,0.033334,radar,,,,40.3749,0.0736581,6.18695,6.36461,39.5347,3.55316,6.00598,0.0660364,0.0594084
car1,8.13333,0.033333,radar,,,,21.8397,-0.0134772,-0.924767,1.45931,21.7067,-0.237062,1.24886,3.2503,0.0079498
car2,8.13333,0.033333,radar,,,,4.54519,-1.16143,3.22072,5.67516,1.77737,-4.038,6.04366,-0.0314039,-0.0383501
car3,8.13333,0.033333,radar,,,,40.0408,0.0789655,6.62862,3.61867,39.7575,3.53595,6.19202,0.0609348,0.0546647
car1,8.16667,0.033333,radar,,,,21.4144,-0.0775533,-1.18609,5.48443,21.6577,-0.274175,1.2554,3.2891,0.0343316
car2,8.16667,0.033333,radar,,,,4.26184,-1.18471,3.24716,6.9876,1.9487,-4.07085,6.02088,-0.0526758,-0.0754403
car3,8.16667,0.033333,radar,,,,39.8674,0.0143957,6.43426,6.95808,39.9799,3.32801,6.26692,0.0135339,0.0193042
car1,8.2,0.033334,radar,,,,21.8082,0.0021879,-1.56597,1.69507,21.6145,-0.270634,1.34772,3.27102,0.0223846
car2,8.2,0.033334,radar,,,,4.80695,-1.06577,3.14217,0.803982,2.16498,-4.07976,6.07457,-0.0518075,-0.0690816
car3,8.2,0.033334,radar,,,,40.5152,0.0936479,6.12133,0.61033,40.189,3.35844,6.24048,0.0194968,0.0225259
car1,8.23333,0.033333,radar,,,,20.6557,-0.0480198,-1.71732,11.5636,21.5302,-0.297377,1.49298,3.29197,0.0350422
car2,8.23333,0.033333,radar,,,,3.81469,-1.07841,3.25296,9.95337,2.33469,-4.07682,5.9774,-0.0580158,-0.0816034
car3,8.23333,0.033333,radar,,,,39.619,0.0429561,6.03693,10.8458,40.3728,3.23379,6.17665,-0.00848693,0.00147415
car1,8.26667,0.033333,radar,,,,21.1915,0.0432515,-2.40233,11.7584,21.4491,-0.259039,1.75467,3.20592,-0.0166317
car2,8.26667,0.033333,radar,,,,4.5192,-0.951178,2.81756,8.57987,2.54635,-4.04356,5.8999,-0.0378025,-0.0430466
car3,8.26667,0.033333,radar,,,,40.4132,0.133748,5.41887,7.96083,40.5395,3.36094,5.96218,0.016072,0.0154475
car1,8.3,0.033334,radar,,,,21.443,-0.0503294,-2.40053,5.42916,21.3751,-0.297776,1.95953,3.25791,0.0130546
car2,8.3,0.033334,radar,,,,4.94761,-1.01041,3.05688,2.71549,2.71014,-4.06383,5.73031,-0.0443744,-0.0465441
car3,8.3,0.033334,radar,,,,40.9255,0.0396919,5.48761,3.43948,40.7387,3.22849,5.84986,-0.0145959,-0.00773298
car1,8.33333,0.033333,radar,,,,21.5011,0.0269169,-2.483,5.00364,21.3036,-0.261296,2.10563,3.18612,-0.0276819
car2,8.33333,0.033333,radar,,,,5.19034,-0.900387,3.20031,4.05872,2.92227,-4.04961,5.72045,-0.0303222,-0.0188442
car3,8.33333,0.033333,radar,,,,41.2465,0.116468,5.47208,2.76687,40.922,3.32906,5.75436,0.00654011,0.00609201
car1,8.36667,0.033333,radar,,,,20.9717,-0.00885852,-1.71269,1.67906,21.2354,-0.256487,2.01781,3.17151,-0.0348168
car2,8.36667,0.033333,radar,,,,4.8528,-0.904922,4.18545,3.64084,3.1317,-4.04856,5.88186,-0.0318772,-0.0266559
car3,8.36667,0.033333,radar,,,,40.9822,0.0802264,6.30933,3.66602,41.1194,3.33202,5.9137,0.00814645,0.00814057
car1,8.4,0.033334,radar,,,,21.2863,-0.0588336,-2.03166,2.46727,21.1706,-0.311833,2.04604,3.24121,0.00347837
car2,8.4,0.033334,radar,,,,5.36641,-0.925144,4.07087,2.16723,3.31304,-4.08092,5.88231,-0.0458118,-0.0471199
car3,8.4,0.033334,radar,,,,41.5643,0.0297898,6.05729,3.03698,41.3365,3.17815,5.98038,-0.0262509,-0.0161333
car1,8.43333,0.033333,radar,,,,21.0496,-0.0175422,-2.46811,1.92114,21.0901,-0.311128,2.18114,3.22567,-0.00494308
car2,8.43333,0.033333,radar,,,,5.33527,-0.855532,3.82899,0.431902,3.50495,-4.08345,5.83155,-0.0440998,-0.0408811
car3,8.43333,0.033333,radar,,,,41.5972,0.0706239,5.68777,0.509286,41.5291,3.14544,5.91533,-0.0342436,-0.0225517
car1,8.46667,0.033333,radar,,,,21.2994,-0.0154732,-2.62156,2.93653,21.0153,-0.311215,2.31329,3.21517,-0.0105642
car2,8.46667,0.033333,radar,,,,5.79691,-0.826515,3.86091,1.4745,3.70239,-4.09192,5.78581,-0.0415849,-0.0318443
car3,8.46667,0.033333,radar,,,,42.1188,0.07224,5.60124,1.37169,41.7291,3.11918,5.85356,-0.0408545,-0.0278889
car1,8.5,0.033334,radar,,,,21.0987,-0.0223677,-2.68426,1.86914,20.9338,-0.324835,2.43267,3.22212,-0.00715447
car2,8.5,0.033334,radar,,,,5.81421,-0.807774,3.97502,0.586203,3.89461,-4.10042,5.7443,-0.0406909,-0.0268388
car3,8.5,0.033334,radar,,,,42.1923,0.0648968,5.60546,0.622433,41.9261,3.07538,5.80988,-0.0507754,-0.0350332
car1,8.53333,0.033333,radar,,,,20.9482,-0.0333666,-2.69234,1.2883,20.8488,-0.356437,2.52787,3.24737,0.00533771
car2,8.53333,0.033333,radar,,,,5.88734,-0.794388,4.13579,0.183966,4.08227,-4.11322,5.71813,-0.0430003,-0.0279187
car3,8.53333,0.033333,radar,,,,42.318,0.0534533,5.66429,0.507103,42.1244,3.00196,5.79827,-0.0665465,-0.0455937
car1,8.56667,0.033333,radar,,,,19.9074,-0.0553643,-2.73399,9.99761,20.7305,-0.425096,2.64338,3.30447,0.0329032
car2,8.56667,0.033333,radar,,,,5.07581,-0.793187,4.25562,8.62012,4.2396,-4.11615,5.6529,-0.0507233,-0.0411828
car3,8.56667,0.033333,radar,,,,41.5559,0.0310152,5.68955,9.69564,42.2967,2.86665,5.78344,-0.095312,-0.0647557
car1,8.6,0.033334,radar,,,,20.3871,-0.0170576,-2.63064,0.820193,20.6347,-0.423258,2.6711,3.28777,0.0240504
car2,8.6,0.033334,radar,,,,5.78997,-0.732809,4.51363,1.32921,4.43611,-4.11115,5.71564,-0.0477276,-0.0371471
car3,8.6,0.033334,radar,,,,42.3163,0.0688854,5.85981,1.05619,42.4822,2.86717,5.82268,-0.0915715,-0.0593924
car1,8.63333,0.033333,radar,,,,20.3125,0.0501086,-2.22536,6.79205,20.552,-0.303265,2.53827,3.16912,-0.0324326
car2,8.63333,0.033333,radar,,,,5.95491,-0.644638,5.06727,10.3749,4.68083,-4.07026,5.97058,-0.0270689,-0.010955
car3,8.63333,0.033333,radar,,,,42.5248,0.135619,6.332,8.48035,42.6643,3.09571,5.94608,-0.0345079,-0.0150945
car1,8.66667,0.033333,radar,,,,21.346,-0.0778582,-3.05431,14.6909,20.4796,-0.474567,2.71999,3.32025,0.0394326
car2,8.66667,0.033333,radar,,,,7.2327,-0.752607,4.38087,12.2058,4.86395,-4.12614,5.85609,-0.0430803,-0.0278795
car3,8.66667,0.033333,radar,,,,43.8435,0.00722394,5.56995,13.4184,42.8957,2.89182,5.90733,-0.078395,-0.0449443
car1,8.7,0.033334,radar,,,,20.3853,0.0299716,-2.84192,3.20258,20.388,-0.354589,2.74096,3.2059,-0.0152187
car2,8.7,0.033334,radar,,,,6.52105,-0.625732,4.73046,3.44732,5.08982,-4.097,5.92911,-0.0255092,-0.00225303
car3,8.7,0.033334,radar,,,,43.1703,0.114629,5.84924,2.37705,43.0803,3.03042,5.8919,-0.0455145,-0.0212067
car1,8.73333,0.033333,radar,,,,20.2209,0.00918602,-2.60146,0.835743,20.2989,-0.297581,2.70377,3.15535,-0.0382408
car2,8.73333,0.033333,radar,,,,6.61023,-0.628371,5.10319,1.92905,5.30971,-4.08263,6.04921,-0.01767,0.00624123
car3,8.73333,0.033333,radar,,,,43.2956,0.0934227,6.1566,1.54664,43.2761,3.09402,5.97171,-0.0299248,-0.00951744
car1,8.76667,0.033333,radar,,,,19.7676,0.013921,-3.23583,5.47975,20.1815,-0.267865,2.87085,3.13201,-0.0481748
car2,8.76667,0.033333,radar,,,,6.41476,-0.606336,4.59655,3.92872,5.50735,-4.05348,5.97951,-0.00501188,0.0244641
car3,8.76667,0.033333,radar,,,,43.1342,0.0977407,5.58913,3.68613,43.4446,3.1797,5.85542,-0.0096737,0.00424781
car1,8.8,0.033334,radar,,,,20.3173,0.0303039,-2.9201,2.52853,20.0939,-0.171401,2.87812,3.06217,-0.0790151
car2,8.8,0.033334,radar,,,,7.22648,-0.573453,5.03582,2.60939,5.73842,-4.02887,6.07266,0.00949963,0.0426707
car3,8.8,0.033334,radar,,,,43.9781,0.11371,5.97175,2.45921,43.6412,3.30606,5.89094,0.0184296,0.0232547
car1,8.83333,0.033333,radar,,,,20.2152,-0.0136356,-3.07837,1.01185,19.9994,-0.197435,2.94388,3.08486,-0.0669408
car2,8.83333,0.033333,radar,,,,7.39047,-0.601646,4.99724,0.523896,5.94372,-4.03478,6.07653,0.00891946,0.0403494
car3,8.83333,0.033333,radar,,,,44.1724,0.0693612,5.88037,0.510553,43.8453,3.29063,5.90514,0.0148746,0.0202505
car1,8.86667,0.033333,radar,,,,20.5274,-0.0348183,-2.12659,9.29343,19.9421,-0.210946,2.71157,3.09285,-0.0633231
car2,8.86667,0.033333,radar,,,,7.97273,-0.607792,6.06516,13.2579,6.17556,-4.07154,6.34777,-0.0054487,0.0136003
car3,8.86667,0.033333,radar,,,,44.7832,0.0477725,6.89903,12.8872,44.0959,3.17636,6.22269,-0.0131213,0.000131039
car1,8.9,0.033334,radar,,,,19.4311,-0.0055014,-3.27131,4.59685,19.8238,-0.211356,2.88889,3.09473,-0.0612041
car2,8.9,0.033334,radar,,,,7.1502,-0.564108,5.03332,2.79056,6.36867,-4.06004,6.2468,-0.00170984,0.0194434
car3,8.9,0.033334,radar,,,,43.9877,0.0766871,5.82119,2.91959,44.2787,3.18384,6.11213,-0.0118065,-0.000129482
car1,8.93333,0.033333,radar,,,,19.5309,0.0149223,-3.49435,4.25016,19.7065,-0.160449,3.07463,3.06521,-0.0730592
car2,8.93333,0.033333,radar,,,,7.52756,-0.529949,4.92014,2.22837,6.57237,-4.03594,6.15479,0.00925284,0.0352457
car3,8.93333,0.033333,radar,,,,44.3906,0.0967119,5.66502,2.34604,44.4589,3.26079,5.98741,0.00480975,0.0100709
car1,8.96667,0.033333,radar,,,,19.6292,0.0550578,-2.84747,4.10833,19.6131,-0.0027038,3.03154,2.97341,-0.113266
car2,8.96667,0.033333,radar,,,,7.90703,-0.476674,5.67411,4.9669,6.81842,-3.98874,6.32992,0.0292259,0.0572308
car3,8.96667,0.033333,radar,,,,44.7943,0.136452,6.37878,5.6554,44.6545,3.46807,6.09053,0.0503109,0.0410406
car1,9,0.033334,radar,,,,19.4832,0.00494859,-3.58767,3.13235,19.4968,-0.0271958,3.20129,2.99888,-0.0960574
car2,9,0.033334,radar,,,,8.0457,-0.514205,5.03843,1.11296,7.01987,-3.97752,6.23131,0.0341118,0.0635944
car3,9,0.033334,radar,,,,44.9558,0.0859509,5.70546,1.08097,44.8424,3.5277,5.98513,0.0646546,0.0509472
car1,9.03333,0.033333,radar,,,,18.9841,0.00725624,-3.87428,5.97747,19.3598,-0.0297884,3.41362,3.00974,-0.0864512
car2,9.03333,0.033333,radar,,,,7.83476,-0.49985,4.85398,3.71421,7.20435,-3.95835,6.08724,0.0400355,0.0712246
car3,9.03333,0.033333,radar,,,,44.7665,0.0878701,5.48572,3.59205,45.011,3.59497,5.83792,0.0812915,0.0626451
car1,9.06667,0.033333,radar,,,,18.7038,0.00767987,-4.08401,7.26909,19.2115,-0.0204155,3.63015,3.01326,-0.0807709
car2,9.06667,0.033333,radar,,,,7.84597,-0.487879,4.7442,5.13397,7.37933,-3.93722,5.93637,0.0457446,0.077983
car3,9.06667,0.033333,radar,,,,44.7982,0.0879085,5.34286,4.93314,45.1706,3.65976,5.68954,0.0974201,0.0739324
car1,9.1,0.033334,radar,,,,19.1995,-0.0313773,-3.58383,1.07359,19.0948,-0.0744496,3.61648,3.04631,-0.0644987
car2,9.1,0.033334,radar,,,,8.63643,-0.515863,5.34232,1.8788,7.56742,-3.96372,5.96267,0.0335659,0.0581024
car3,9.1,0.033334,radar,,,,45.6081,0.0484695,5.9099,1.63495,45.377,3.55618,5.76393,0.0715442,0.0539471
car1,9.13333,0.033333,radar,,,,18.9131,-0.00569608,-3.73734,0.257423,18.9692,-0.0675262,3.66324,3.04679,-0.0630936
car2,9.13333,0.033333,radar,,,,8.64807,-0.479555,5.28487,0.168886,7.76198,-3.9637,5.9738,0.0320945,0.0533281
car3,9.13333,0.033333,radar,,,,45.6382,0.0737721,5.82325,0.134363,45.5688,3.55341,5.78623,0.0696516,0.0514751
car1,9.16667,0.033333,radar,,,,18.5804,-0.0487499,-3.72718,2.90419,18.8363,-0.15866,3.68038,3.09411,-0.0398493
car2,9.16667,0.033333,radar,,,,8.61659,-0.512405,5.38936,3.55893,7.93252,-4.00082,5.95738,0.0144035,0.0280518
car3,9.16667,0.033333,radar,,,,45.6242,0.0303429,5.90028,3.3118,45.767,3.40437,5.8206,0.036043,0.0279697
car1,9.2,0.033334,radar,,,,18.7788,0.0108918,-4.04788,1.6212,18.7066,-0.0983342,3.79827,3.06712,-0.05274
car2,9.2,0.033334,radar,,,,9.11937,-0.44296,5.16138,0.398634,8.13535,-3.98499,5.93226,0.0210535,0.0359051
car3,9.2,0.033334,radar,,,,46.1435,0.0896124,5.64644,0.45448,45.9545,3.45892,5.78065,0.0467075,0.0339553
car1,9.23333,0.033333,radar,,,,18.5435,-0.0465649,-4.0241,2.25905,18.5726,-0.180762,3.85868,3.1074,-0.0319205
car2,9.23333,0.033333,radar,,,,9.19139,-0.490992,5.27637,2.04539,8.31031,-4.02271,5.8879,0.00543348,0.015295
car3,9.23333,0.033333,radar,,,,46.2313,0.0317867,5.73707,1.948,46.155,3.32146,5.77864,0.015968,0.0127269
car1,9.26667,0.033333,radar,,,,18.0861,-0.0288393,-4.1695,2.60514,18.4243,-0.209235,3.95842,3.12045,-0.0255429
car2,9.26667,0.033333,radar,,,,9.04448,-0.4642,5.2208,1.97094,8.48311,-4.03794,5.83553,-0.00209014,0.00565815
car3,9.26667,0.033333,radar,,,,46.0994,0.0491464,5.65852,2.01226,46.3384,3.24478,5.74814,-0.00119361,0.000747512
car1,9.3,0.033334,radar,,,,18.393,-0.0299989,-4.08585,0.641769,18.2921,-0.243792,3.99506,3.13549,-0.0177736
car2,9.3,0.033334,radar,,,,9.66468,-0.456634,5.393,0.61477,8.67335,-4.06017,5.84944,-0.0102143,-0.00483779
car3,9.3,0.033334,radar,,,,46.7338,0.047624,5.80903,0.667951,46.5396,3.17516,5.7821,-0.0156147,-0.00832225
car1,9.33333,0.033333,radar,,,,18.1347,-0.0646403,-3.97817,2.58206,18.158,-0.353626,3.99129,3.18135,0.00631189
car2,9.33333,0.033333,radar,,,,9.72275,-0.482872,5.588,3.35772,8.84981,-4.11479,5.87627,-0.0313715,-0.0312993
car3,9.33333,0.033333,radar,,,,46.8054,0.0126227,5.98355,3.67985,46.7489,2.99926,5.86072,-0.0516137,-0.0305726
car1,9.36667,0.033333,radar,,,,18.4894,-0.00724645,-4.36342,3.77455,18.0304,-0.316983,4.09196,3.16249,-0.00624422
car2,9.36667,0.033333,radar,,,,10.3967,-0.417382,5.28898,2.51484,9.05972,-4.11663,5.85923,-0.0285762,-0.0258676
car3,9.36667,0.033333,radar,,,,47.4922,0.0696597,5.66515,2.40706,46.9539,2.9947,5.83635,-0.0528816,-0.031749
car1,9.4,0.033334,radar,,,,17.6458,0.000177071,-4.19746,1.1117,17.8834,-0.277845,4.13395,3.14506,-0.0159861
car2,9.4,0.033334,radar,,,,9.87505,-0.402152,5.54011,1.1322,9.25812,-4.10238,5.89976,-0.0231605,-0.0191204
car3,9.4,0.033334,radar,,,,46.9828,0.0767293,5.89795,1.06144,47.1382,3.04025,5.86006,-0.0407747,-0.0223211
car1,9.43333,0.033333,radar,,,,17.5761,-0.00621,-4.24977,0.544651,17.7371,-0.257174,4.17632,3.1361,-0.0207547
car2,9.43333,0.033333,radar,,,,10.1303,-0.401009,5.572,0.52818,9.45607,-4.09627,5.93225,-0.020707,-0.0161049
car3,9.43333,0.033333,radar,,,,47.2497,0.0699913,5.91248,0.501905,47.3277,3.05729,5.8842,-0.0355423,-0.01797
car1,9.46667,0.033333,radar,,,,17.6228,0.0294884,-4.48104,2.75497,17.5915,-0.165405,4.26508,3.10002,-0.041012
car2,9.46667,0.033333,radar,,,,10.5047,-0.358043,5.42402,1.94476,9.67132,-4.05488,5.94191,-0.00389738,0.00464774
car3,9.46667,0.033333,radar,,,,47.6351,0.105342,5.74805,1.80934,47.5117,3.1896,5.84812,-0.00639756,0.00123979
car1,9.5,0.033334,radar,,,,17.6713,-0.0382705,-4.11311,1.47696,17.46,-0.216898,4.22286,3.12034,-0.0286969
car2,9.5,0.033334,radar,,,,10.8836,-0.418785,5.8744,2.42031,9.87218,-4.09125,6.02989,-0.0171655,-0.012897
car3,9.5,0.033334,radar,,,,48.0246,0.0372374,6.18282,2.45882,47.7294,3.07977,5.97057,-0.030183,-0.0143252
car1,9.53333,0.033333,radar,,,,17.815,-0.00559271,-4.86605,6.3438,17.3188,-0.203233,4.39637,3.11586,-0.0303929
car2,9.53333,0.033333,radar,,,,11.3604,-0.379327,5.2031,4.12236,10.0799,-4.09044,5.93179,-0.0133508,-0.00567001
car3,9.53333,0.033333,radar,,,,48.5114,0.0695728,5.49672,4.06628,47.9315,3.08335,5.86514,-0.0299781,-0.0152114
car1,9.56667,0.033333,radar,,,,17.5907,-0.00172201,-4.76841,3.27565,17.1763,-0.181961,4.49606,3.10867,-0.033895
car2,9.56667,0.033333,radar,,,,11.472,-0.368904,5.38164,2.12819,10.2902,-4.08583,5.90702,-0.00910861,0.000363338
car3,9.56667,0.033333,radar,,,,48.6325,0.0731038,5.66119,2.08104,48.1333,3.10678,5.8308,-0.0245439,-0.0117118
car1,9.6,0.033334,radar,,,,17.0449,-0.0256494,-4.32375,0.413816,17.0312,-0.206566,4.45256,3.11839,-0.0271241
car2,9.6,0.033334,radar,,,,11.2647,-0.386494,5.9065,1.44744,10.4905,-4.10637,6.00444,-0.0167812,-0.010309
car3,9.6,0.033334,radar,,,,48.4344,0.0488395,6.17268,1.47498,48.3402,3.05048,5.94629,-0.0352956,-0.0176143
car1,9.63333,0.033333,radar,,,,17.2163,-0.00576908,-4.64879,1.62687,16.8886,-0.19105,4.50499,3.11305,-0.0300876
car2,9.63333,0.033333,radar,,,,11.7774,-0.360483,5.66101,1.16878,10.7037,-4.10617,6.02444,-0.014801,-0.00764497
car3,9.63333,0.033333,radar,,,,48.9557,0.0683856,5.91447,1.14621,48.5469,3.06359,5.95975,-0.0313963,-0.0145499
car1,9.66667,0.033333,radar,,,,16.6168,-0.0378095,-4.88403,2.09894,16.7243,-0.240707,4.61875,3.13249,-0.0157177
car2,9.66667,0.033333,radar,,,,11.5218,-0.386589,5.50471,1.0602,10.885,-4.13635,5.9589,-0.0250351,-0.0182284
car3,9.66667,0.033333,radar,,,,48.7084,0.0360137,5.74606,1.10724,48.7422,2.96127,5.92209,-0.0528932,-0.0287284
car1,9.7,0.033334,radar,,,,17.1013,-0.00758592,-4.43951,3.19579,16.5921,-0.22819,4.56067,3.12797,-0.0183846
car2,9.7,0.033334,radar,,,,12.3527,-0.350618,6.02759,4.12934,11.1123,-4.14092,6.08846,-0.0244997,-0.0184362
car3,9.7,0.033334,radar,,,,49.5471,0.0659084,6.25741,4.09729,48.9632,2.98479,6.04363,-0.0440948,-0.0202595
car1,9.73333,0.033333,radar,,,,16.2005,-0.0472809,-4.78596,2.18049,16.4259,-0.290704,4.63481,3.15118,-0.00129415
car2,9.73333,0.033333,radar,,,,11.8011,-0.384745,5.75895,1.79253,11.2929,-4.18234,6.05857,-0.0389162,-0.0339566
car3,9.73333,0.033333,radar,,,,49.0029,0.0258871,5.97778,1.91587,49.1628,2.85291,6.05031,-0.071087,-0.0374266
car1,9.76667,0.033333,radar,,,,15.8605,-0.0246753,-5.18769,4.39109,16.2438,-0.295508,4.80651,3.15092,-0.00303023
car2,9.76667,0.033333,radar,,,,11.8127,-0.356743,5.43452,2.77018,11.4701,-4.19262,5.95055,-0.0417389,-0.0346808
car3,9.76667,0.033333,radar,,,,49.0218,0.048169,5.64287,2.78865,49.3438,2.78949,5.95534,-0.085399,-0.0480784
car1,9.8,0.033334,radar,,,,16.0707,-0.0357966,-4.47792,1.04099,16.091,-0.334246,4.72177,3.16519,0.00845766
car2,9.8,0.033334,radar,,,,12.3772,-0.362632,6.22112,2.7282,11.6742,-4.22309,6.09213,-0.0514704,-0.0462555
car3,9.8,0.033334,radar,,,,49.593,0.0367265,6.41946,2.87641,49.556,2.73634,6.11226,-0.0900404,-0.0462598
car1,9.83333,0.033333,radar,,,,15.8632,0.0574366,-4.99033,6.71571,15.9262,-0.180393,4.79899,3.10647,-0.0377407
car2,9.83333,0.033333,radar,,,,12.5265,-0.264322,5.78507,6.17078,11.9068,-4.13674,6.12607,-0.0192679,-0.00901149
car3,9.83333,0.033333,radar,,,,49.7487,0.129641,5.97386,5.90386,49.7381,2.9867,6.06037,-0.034979,-0.0100207
car1,9.86667,0.033333,radar,,,,16.0125,0.0202194,-4.81636,1.61454,15.7744,-0.114995,4.80275,3.08328,-0.0547807
car2,9.86667,0.033333,radar,,,,13.0351,-0.296614,6.03499,1.98859,12.137,-4.10399,6.20982,-0.00665207,0.00414116
car3,9.86667,0.033333,radar,,,,50.2635,0.0921078,6.21465,2.02079,49.9453,3.09059,6.11188,-0.0121597,0.00492286
car1,9.9,0.033334,radar,,,,15.8684,-0.0346329,-5.46696,5.25503,15.6047,-0.176847,4.98827,3.11153,-0.0274963
car2,9.9,0.033334,radar,,,,13.2529,-0.346684,5.45993,2.92054,12.33,-4.13516,6.07952,-0.0149811,-0.00257931
car3,9.9,0.033334,radar,,,,50.4871,0.0369419,5.63086,2.8337,50.1484,3.02321,6.00252,-0.0236977,-0.00187953
car1,9.93333,0.033333,radar,,,,15.6452,0.0112294,-4.98107,0.937674,15.4458,-0.128935,4.9882,3.09472,-0.0403438
car2,9.93333,0.033333,radar,,,,13.394,-0.296177,6.02099,1.31361,12.5537,-4.11241,6.16187,-0.00621883,0.00600421
car3,9.93333,0.033333,radar,,,,50.6338,0.082493,6.18357,1.34407,50.3549,3.09648,6.06443,-0.00742631,0.00884688
car1,9.96667,0.033333,radar,,,,14.6371,0.062568,-5.1607,9.56062,15.2558,0.0114948,5.06582,3.04501,-0.0793392
car2,9.96667,0.033333,radar,,,,12.7528,-0.240326,5.91616,9.73946,12.7702,-4.01458,6.20467,0.025801,0.0397167
car3,9.96667,0.033333,radar,,,,49.9978,0.133523,6.07075,10.0587,50.5207,3.35511,6.03627,0.047376,0.043912
